timestamp,open,high,low,close,volume
2026-05-12 00:00:00+00:00,97.3499984741211,97.66000366210938,97.16000366210938,97.51000213623047,0
2026-05-12 01:00:00+00:00,97.5,97.6500015258789,95.52999877929688,96.26000213623047,609280
2026-05-12 02:00:00+00:00,96.2300033569336,96.69000244140625,96.16999816894531,96.54000091552734,17848832
2026-05-12 03:00:00+00:00,96.54000091552734,96.62999725341797,96.02999877929688,96.12000274658203,0
2026-05-12 04:00:00+00:00,96.08999633789062,96.4800033569336,96.05000305175781,96.33999633789062,0
2026-05-12 05:00:00+00:00,96.33000183105469,96.7300033569336,96.2300033569336,96.55000305175781,0
2026-05-12 06:00:00+00:00,96.5,96.9800033569336,96.13999938964844,96.18000030517578,0
2026-05-12 07:00:00+00:00,96.13999938964844,96.2699966430664,95.81999969482422,96.0199966430664,0
2026-05-12 08:00:00+00:00,95.98999786376953,96.11000061035156,95.44000244140625,95.62999725341797,0
2026-05-12 09:00:00+00:00,95.61000061035156,96.0199966430664,95.29000091552734,95.76000213623047,93108736
2026-05-12 10:00:00+00:00,95.73999786376953,95.94999694824219,94.83999633789062,94.95999908447266,40593920
2026-05-12 11:00:00+00:00,94.9800033569336,94.98999786376953,94.58999633789062,94.94999694824219,28404224
2026-05-12 12:00:00+00:00,94.93000030517578,95.48999786376953,94.37999725341797,95.19000244140625,92791808
2026-05-12 13:00:00+00:00,95.22000122070312,95.3499984741211,94.55999755859375,94.66000366210938,0
2026-05-12 14:00:00+00:00,94.63999938964844,95.19999694824219,94.37000274658203,94.5199966430664,0
2026-05-12 15:00:00+00:00,94.51000213623047,94.76000213623047,93.58999633789062,93.81999969482422,0
2026-05-12 16:00:00+00:00,93.80000305175781,94.2699966430664,93.58000183105469,93.80000305175781,0
2026-05-12 17:00:00+00:00,93.81999969482422,94.63999938964844,93.79000091552734,94.48999786376953,0
2026-05-12 18:00:00+00:00,94.4800033569336,94.76000213623047,94.31999969482422,94.52999877929688,0
2026-05-12 19:00:00+00:00,94.55000305175781,94.95999908447266,94.54000091552734,94.88999938964844,0
2026-05-12 20:00:00+00:00,94.9000015258789,94.97000122070312,94.5999984741211,94.7300033569336,0
2026-05-12 21:00:00+00:00,94.73999786376953,94.83000183105469,94.51000213623047,94.6500015258789,0
2026-05-12 22:00:00+00:00,94.66999816894531,95.0,94.61000061035156,94.6500015258789,0
2026-05-12 23:00:00+00:00,94.63999938964844,94.73999786376953,94.25,94.2699966430664,306176
2026-05-13 00:00:00+00:00,94.26000213623047,94.62000274658203,94.04000091552734,94.45999908447266,0
2026-05-13 01:00:00+00:00,94.44999694824219,95.43000030517578,94.44000244140625,95.16000366210938,0
2026-05-13 02:00:00+00:00,95.18000030517578,95.51000213623047,95.0,95.2300033569336,0
2026-05-13 03:00:00+00:00,95.19000244140625,95.54000091552734,95.05999755859375,95.54000091552734,0
2026-05-13 04:00:00+00:00,95.55000305175781,95.95999908447266,95.41000366210938,95.45999908447266,46530048
2026-05-13 05:00:00+00:00,95.47000122070312,95.48999786376953,95.05999755859375,95.2300033569336,24434688
2026-05-13 06:00:00+00:00,95.2300033569336,95.66999816894531,95.0999984741211,95.11000061035156,16018432
2026-05-13 07:00:00+00:00,95.0999984741211,95.29000091552734,94.86000061035156,95.12000274658203,0
2026-05-13 08:00:00+00:00,95.12000274658203,95.7300033569336,94.98999786376953,95.54000091552734,0
2026-05-13 09:00:00+00:00,95.55000305175781,95.8499984741211,95.54000091552734,95.69000244140625,0
2026-05-13 10:00:00+00:00,95.69000244140625,95.73999786376953,94.70999908447266,94.76000213623047,0
2026-05-13 11:00:00+00:00,94.73999786376953,94.80000305175781,94.2300033569336,94.30000305175781,22617600
2026-05-13 12:00:00+00:00,94.30000305175781,94.5999984741211,92.31999969482422,93.1500015258789,173148416
2026-05-13 13:00:00+00:00,93.18000030517578,93.41999816894531,91.93000030517578,92.26000213623047,123790080
2026-05-13 14:00:00+00:00,92.1500015258789,92.29000091552734,91.41000366210938,91.73999786376953,106861056
2026-05-13 15:00:00+00:00,91.75,91.88999938964844,90.2300033569336,90.38999938964844,2239744
2026-05-13 16:00:00+00:00,90.37999725341797,91.22000122070312,90.37999725341797,90.81999969482422,82015488
2026-05-13 17:00:00+00:00,90.86000061035156,91.0999984741211,90.68000030517578,90.86000061035156,52518400
2026-05-13 18:00:00+00:00,90.8499984741211,91.4000015258789,90.73999786376953,90.9000015258789,41617920
2026-05-13 19:00:00+00:00,90.9000015258789,90.98999786376953,90.44999694824219,90.9000015258789,1835520
2026-05-13 20:00:00+00:00,90.93000030517578,91.31999969482422,90.91999816894531,91.22000122070312,26288640
2026-05-13 21:00:00+00:00,91.23999786376953,91.23999786376953,90.73999786376953,90.87999725341797,42395136
2026-05-13 22:00:00+00:00,90.91000366210938,91.20999908447266,90.62000274658203,91.13999938964844,41595904
2026-05-13 23:00:00+00:00,91.13999938964844,91.29000091552734,91.0199966430664,91.13999938964844,10013184
2026-05-14 00:00:00+00:00,91.1500015258789,91.37999725341797,91.05000305175781,91.18000030517578,27189760
2026-05-14 01:00:00+00:00,91.12999725341797,91.30999755859375,90.95999908447266,91.11000061035156,0
2026-05-14 02:00:00+00:00,91.0999984741211,91.2300033569336,90.44000244140625,90.54000091552734,0
2026-05-14 03:00:00+00:00,90.55000305175781,90.75,89.80999755859375,89.9000015258789,95818240
2026-05-14 04:00:00+00:00,89.91999816894531,90.58000183105469,89.83000183105469,90.45999908447266,26797568
2026-05-14 05:00:00+00:00,90.41999816894531,91.41999816894531,90.38999938964844,91.25,15612928
2026-05-14 06:00:00+00:00,91.2699966430664,91.43000030517578,91.12999725341797,91.37999725341797,0
2026-05-14 07:00:00+00:00,91.33000183105469,91.58000183105469,90.66000366210938,90.8499984741211,119538176
2026-05-14 08:00:00+00:00,90.87000274658203,91.26000213623047,90.6500015258789,91.01000213623047,0
2026-05-14 09:00:00+00:00,91.05999755859375,91.11000061035156,90.54000091552734,90.81999969482422,0
2026-05-14 10:00:00+00:00,90.81999969482422,91.08999633789062,90.62999725341797,91.01000213623047,0
2026-05-14 11:00:00+00:00,91.01000213623047,91.06999969482422,90.58999633789062,90.61000061035156,0
2026-05-14 12:00:00+00:00,90.55999755859375,91.26000213623047,90.4800033569336,91.18000030517578,0
2026-05-14 13:00:00+00:00,91.18000030517578,91.44999694824219,90.7300033569336,90.7699966430664,0
2026-05-14 14:00:00+00:00,90.73999786376953,92.27999877929688,90.5999984741211,92.23999786376953,0
2026-05-14 15:00:00+00:00,92.26000213623047,93.22000122070312,91.91999816894531,93.1500015258789,0
2026-05-14 16:00:00+00:00,93.22000122070312,93.6500015258789,92.36000061035156,93.36000061035156,227072
2026-05-14 17:00:00+00:00,93.29000091552734,93.55999755859375,92.30999755859375,93.0199966430664,89655296
2026-05-14 18:00:00+00:00,93.0,93.63999938964844,92.68000030517578,93.43000030517578,21810944
2026-05-14 19:00:00+00:00,93.45999908447266,93.6500015258789,92.79000091552734,92.88999938964844,3532800
2026-05-14 20:00:00+00:00,92.88999938964844,92.97000122070312,92.36000061035156,92.7300033569336,2616576
2026-05-14 21:00:00+00:00,92.80999755859375,92.93000030517578,92.54000091552734,92.69999694824219,0
2026-05-14 22:00:00+00:00,92.72000122070312,92.91000366210938,92.61000061035156,92.6500015258789,0
2026-05-14 23:00:00+00:00,92.56999969482422,92.63999938964844,92.11000061035156,92.12999725341797,3758336
2026-05-15 00:00:00+00:00,92.13999938964844,92.63999938964844,92.08000183105469,92.41000366210938,0
2026-05-15 01:00:00+00:00,92.41999816894531,92.52999877929688,91.68000030517578,91.7300033569336,12268544
2026-05-15 02:00:00+00:00,91.70999908447266,92.41999816894531,91.47000122070312,92.33000183105469,134828032
2026-05-15 03:00:00+00:00,92.33000183105469,92.44000244140625,91.8499984741211,92.04000091552734,0
2026-05-15 04:00:00+00:00,92.02999877929688,92.02999877929688,91.26000213623047,91.26000213623047,0
2026-05-15 05:00:00+00:00,91.2699966430664,91.5199966430664,90.25,90.58999633789062,87121152
2026-05-15 06:00:00+00:00,90.5999984741211,91.06999969482422,90.47000122070312,90.98999786376953,46976768
2026-05-15 07:00:00+00:00,91.0199966430664,91.69999694824219,90.91999816894531,91.58000183105469,0
2026-05-15 08:00:00+00:00,91.56999969482422,91.61000061035156,90.95999908447266,91.23999786376953,28662528
2026-05-15 09:00:00+00:00,91.25,91.30000305175781,90.91000366210938,91.1500015258789,57879040
2026-05-15 10:00:00+00:00,91.16999816894531,91.55999755859375,90.9800033569336,91.44999694824219,22536960
2026-05-15 11:00:00+00:00,91.47000122070312,91.52999877929688,91.16999816894531,91.23999786376953,0
2026-05-15 12:00:00+00:00,91.25,91.26000213623047,90.54000091552734,90.66000366210938,3652352
2026-05-15 13:00:00+00:00,90.62999725341797,90.62999725341797,88.69000244140625,88.8499984741211,119765760
2026-05-15 14:00:00+00:00,88.8499984741211,89.5,88.52999877929688,89.0199966430664,62057472
2026-05-15 15:00:00+00:00,89.04000091552734,89.25,88.66999816894531,89.0,0
2026-05-15 16:00:00+00:00,89.0199966430664,89.62000274658203,88.7699966430664,89.47000122070312,0
2026-05-15 17:00:00+00:00,89.45999908447266,89.86000061035156,89.45999908447266,89.79000091552734,0
2026-05-15 18:00:00+00:00,89.77999877929688,90.05000305175781,89.44000244140625,89.75,0
2026-05-15 19:00:00+00:00,89.73999786376953,89.76000213623047,89.31999969482422,89.37999725341797,0
2026-05-15 20:00:00+00:00,89.37999725341797,89.45999908447266,89.05000305175781,89.2300033569336,0
2026-05-15 21:00:00+00:00,89.2300033569336,89.38999938964844,88.95999908447266,89.0,6397696
2026-05-15 22:00:00+00:00,89.01000213623047,89.30999755859375,88.97000122070312,89.27999877929688,0
2026-05-15 23:00:00+00:00,89.23999786376953,89.33999633789062,89.1500015258789,89.19000244140625,0
2026-05-16 00:00:00+00:00,89.19000244140625,89.37000274658203,89.08999633789062,89.16000366210938,0
2026-05-16 01:00:00+00:00,89.16999816894531,89.29000091552734,88.9000015258789,89.2300033569336,0
2026-05-16 02:00:00+00:00,89.2699966430664,89.33000183105469,88.91999816894531,89.16000366210938,0
2026-05-16 03:00:00+00:00,89.13999938964844,89.22000122070312,88.94999694824219,89.01000213623047,0
2026-05-16 04:00:00+00:00,88.9800033569336,89.01000213623047,88.16000366210938,88.80000305175781,29311488
2026-05-16 05:00:00+00:00,88.80999755859375,88.86000061035156,88.23999786376953,88.54000091552734,0
2026-05-16 06:00:00+00:00,88.52999877929688,88.62000274658203,87.80000305175781,87.97000122070312,0
2026-05-16 07:00:00+00:00,87.94000244140625,87.97000122070312,86.7300033569336,87.41000366210938,88551936
2026-05-16 08:00:00+00:00,87.4000015258789,87.58000183105469,87.33000183105469,87.43000030517578,0
2026-05-16 09:00:00+00:00,87.41999816894531,87.47000122070312,85.76000213623047,86.01000213623047,124016896
2026-05-16 10:00:00+00:00,86.01000213623047,86.11000061035156,85.48999786376953,85.95999908447266,78753536
2026-05-16 11:00:00+00:00,85.9800033569336,86.29000091552734,85.9800033569336,86.05999755859375,34842112
2026-05-16 12:00:00+00:00,86.04000091552734,86.38999938964844,85.95999908447266,86.22000122070312,0
2026-05-16 13:00:00+00:00,86.20999908447266,86.30000305175781,86.08000183105469,86.20999908447266,0
2026-05-16 14:00:00+00:00,86.2300033569336,86.58999633789062,86.02999877929688,86.36000061035156,0
2026-05-16 15:00:00+00:00,86.36000061035156,86.62000274658203,86.23999786376953,86.44999694824219,0
2026-05-16 16:00:00+00:00,86.44000244140625,86.73999786376953,86.33999633789062,86.5999984741211,0
2026-05-16 17:00:00+00:00,86.5999984741211,86.93000030517578,86.5999984741211,86.7699966430664,0
2026-05-16 18:00:00+00:00,86.7699966430664,86.93000030517578,86.5999984741211,86.79000091552734,0
2026-05-16 19:00:00+00:00,86.79000091552734,86.83000183105469,86.62999725341797,86.66000366210938,0
2026-05-16 20:00:00+00:00,86.69000244140625,86.87000274658203,86.6500015258789,86.6500015258789,0
2026-05-16 21:00:00+00:00,86.62999725341797,86.7300033569336,86.45999908447266,86.55999755859375,0
2026-05-16 22:00:00+00:00,86.52999877929688,86.66999816894531,86.41999816894531,86.51000213623047,0
2026-05-16 23:00:00+00:00,86.5,86.66000366210938,86.44999694824219,86.51000213623047,0
2026-05-17 00:00:00+00:00,86.5199966430664,86.69000244140625,85.93000030517578,86.05999755859375,0
2026-05-17 01:00:00+00:00,86.08999633789062,86.30000305175781,85.55000305175781,85.7300033569336,46802688
2026-05-17 02:00:00+00:00,85.72000122070312,86.19999694824219,85.72000122070312,85.97000122070312,38453760
2026-05-17 03:00:00+00:00,85.95999908447266,86.58000183105469,85.95999908447266,86.4800033569336,32836864
2026-05-17 04:00:00+00:00,86.44999694824219,86.93000030517578,86.44000244140625,86.81999969482422,0
2026-05-17 05:00:00+00:00,86.81999969482422,87.23999786376953,86.80999755859375,86.87000274658203,0
2026-05-17 06:00:00+00:00,86.87000274658203,86.9800033569336,86.69999694824219,86.80999755859375,0
2026-05-17 07:00:00+00:00,86.81999969482422,87.06999969482422,86.75,86.94999694824219,0
2026-05-17 08:00:00+00:00,86.95999908447266,86.9800033569336,86.55999755859375,86.77999877929688,0
2026-05-17 09:00:00+00:00,86.79000091552734,86.95999908447266,86.69000244140625,86.8499984741211,0
2026-05-17 10:00:00+00:00,86.8499984741211,87.20999908447266,86.77999877929688,86.97000122070312,0
2026-05-17 11:00:00+00:00,86.94999694824219,87.0,86.76000213623047,86.87000274658203,0
2026-05-17 12:00:00+00:00,86.87000274658203,86.97000122070312,86.66999816894531,86.73999786376953,0
2026-05-17 13:00:00+00:00,86.70999908447266,86.75,86.27999877929688,86.37000274658203,1065472
2026-05-17 14:00:00+00:00,86.37000274658203,86.43000030517578,85.95999908447266,86.27999877929688,991744
2026-05-17 15:00:00+00:00,86.23999786376953,86.45999908447266,86.1500015258789,86.41999816894531,0
2026-05-17 16:00:00+00:00,86.43000030517578,86.6500015258789,86.16999816894531,86.27999877929688,0
2026-05-17 17:00:00+00:00,86.29000091552734,86.33000183105469,85.9800033569336,86.22000122070312,10017792
2026-05-17 18:00:00+00:00,86.22000122070312,86.4000015258789,85.98999786376953,86.38999938964844,18794496
2026-05-17 19:00:00+00:00,86.38999938964844,86.88999938964844,86.37000274658203,86.75,9624064
2026-05-17 20:00:00+00:00,86.7699966430664,86.80999755859375,86.52999877929688,86.6500015258789,7851264
2026-05-17 21:00:00+00:00,86.62999725341797,86.93000030517578,86.55000305175781,86.88999938964844,0
2026-05-17 22:00:00+00:00,86.8499984741211,86.88999938964844,85.98999786376953,86.18000030517578,52061696
2026-05-17 23:00:00+00:00,86.12999725341797,86.16999816894531,83.47000122070312,85.19000244140625,369526784
2026-05-18 00:00:00+00:00,85.18000030517578,85.30999755859375,84.37999725341797,85.30999755859375,165706496
2026-05-18 01:00:00+00:00,85.2699966430664,85.41000366210938,84.5199966430664,84.94000244140625,33775616
2026-05-18 02:00:00+00:00,84.93000030517578,85.31999969482422,84.68000030517578,84.83000183105469,0
2026-05-18 03:00:00+00:00,84.91000366210938,85.20999908447266,84.66999816894531,84.80999755859375,21586432
2026-05-18 04:00:00+00:00,84.83999633789062,85.26000213623047,84.55999755859375,85.20999908447266,23150592
2026-05-18 05:00:00+00:00,85.2300033569336,85.33000183105469,84.62000274658203,84.81999969482422,45201920
2026-05-18 06:00:00+00:00,84.80999755859375,84.94000244140625,84.2699966430664,84.69000244140625,118953472
2026-05-18 07:00:00+00:00,84.7699966430664,84.95999908447266,84.37000274658203,84.7300033569336,39760896
2026-05-18 08:00:00+00:00,84.69999694824219,84.94999694824219,84.55999755859375,84.8499984741211,14010112
2026-05-18 09:00:00+00:00,84.8499984741211,84.87000274658203,84.41999816894531,84.44999694824219,0
2026-05-18 10:00:00+00:00,84.44000244140625,84.45999908447266,84.18000030517578,84.20999908447266,0
2026-05-18 11:00:00+00:00,84.26000213623047,85.25,84.04000091552734,84.93000030517578,60462336
2026-05-18 12:00:00+00:00,84.94000244140625,85.7300033569336,84.94000244140625,85.5199966430664,124221440
2026-05-18 13:00:00+00:00,85.51000213623047,85.51000213623047,84.30999755859375,84.6500015258789,92568576
2026-05-18 14:00:00+00:00,84.58999633789062,84.61000061035156,83.69000244140625,83.93000030517578,101511168
2026-05-18 15:00:00+00:00,83.88999938964844,84.33999633789062,83.55999755859375,84.13999938964844,117532416
2026-05-18 16:00:00+00:00,84.12000274658203,84.44000244140625,83.93000030517578,84.26000213623047,71695616
2026-05-18 17:00:00+00:00,84.26000213623047,84.62999725341797,84.18000030517578,84.33999633789062,8805888
2026-05-18 18:00:00+00:00,84.31999969482422,84.37000274658203,83.44000244140625,83.4800033569336,25290240
2026-05-18 19:00:00+00:00,83.44000244140625,85.13999938964844,83.44000244140625,84.94999694824219,151795712
2026-05-18 20:00:00+00:00,84.97000122070312,85.3499984741211,84.77999877929688,84.86000061035156,52101120
2026-05-18 21:00:00+00:00,84.87000274658203,85.5999984741211,84.7300033569336,85.52999877929688,67934208
2026-05-18 22:00:00+00:00,85.55999755859375,85.72000122070312,85.22000122070312,85.4000015258789,0
2026-05-18 23:00:00+00:00,85.38999938964844,85.58000183105469,85.20999908447266,85.30999755859375,0
2026-05-19 00:00:00+00:00,85.33000183105469,85.88999938964844,85.2699966430664,85.5199966430664,0
2026-05-19 01:00:00+00:00,85.5,85.54000091552734,84.83999633789062,84.83999633789062,0
2026-05-19 02:00:00+00:00,84.83000183105469,85.22000122070312,84.56999969482422,84.80000305175781,0
2026-05-19 03:00:00+00:00,84.7699966430664,85.18000030517578,84.68000030517578,85.01000213623047,0
2026-05-19 04:00:00+00:00,85.0199966430664,85.26000213623047,84.72000122070312,85.08999633789062,0
2026-05-19 05:00:00+00:00,85.08999633789062,85.22000122070312,84.41000366210938,85.12000274658203,0
2026-05-19 06:00:00+00:00,85.0999984741211,85.51000213623047,85.05000305175781,85.19999694824219,0
2026-05-19 07:00:00+00:00,85.16000366210938,85.55000305175781,85.05999755859375,85.44000244140625,0
2026-05-19 08:00:00+00:00,85.44000244140625,85.51000213623047,84.97000122070312,85.16000366210938,12742400
2026-05-19 09:00:00+00:00,85.1500015258789,85.23999786376953,84.43000030517578,84.69000244140625,34768896
2026-05-19 10:00:00+00:00,84.68000030517578,84.80999755859375,84.27999877929688,84.63999938964844,0
2026-05-19 11:00:00+00:00,84.66000366210938,84.75,84.16999816894531,84.31999969482422,0
2026-05-19 12:00:00+00:00,84.31999969482422,84.7300033569336,84.22000122070312,84.72000122070312,0
2026-05-19 13:00:00+00:00,84.72000122070312,85.0199966430664,84.30999755859375,84.7300033569336,0
2026-05-19 14:00:00+00:00,84.7300033569336,84.87000274658203,83.66999816894531,84.05000305175781,0
2026-05-19 15:00:00+00:00,84.0199966430664,84.47000122070312,83.94999694824219,84.30000305175781,0
2026-05-19 16:00:00+00:00,84.29000091552734,84.83000183105469,84.06999969482422,84.75,0
2026-05-19 17:00:00+00:00,84.7699966430664,84.91999816894531,84.4000015258789,84.5999984741211,116480
2026-05-19 18:00:00+00:00,84.5999984741211,84.7300033569336,84.18000030517578,84.29000091552734,0
2026-05-19 19:00:00+00:00,84.33000183105469,84.6500015258789,84.1500015258789,84.2699966430664,0
2026-05-19 20:00:00+00:00,84.2699966430664,84.51000213623047,84.22000122070312,84.44999694824219,0
2026-05-19 21:00:00+00:00,84.43000030517578,84.58000183105469,84.30999755859375,84.37000274658203,0
2026-05-19 22:00:00+00:00,84.3499984741211,84.3499984741211,83.94999694824219,84.04000091552734,0
2026-05-19 23:00:00+00:00,84.01000213623047,84.51000213623047,83.95999908447266,84.22000122070312,0
2026-05-20 00:00:00+00:00,84.20999908447266,84.31999969482422,83.86000061035156,84.13999938964844,0
2026-05-20 01:00:00+00:00,84.16000366210938,84.37999725341797,83.77999877929688,84.30000305175781,0
2026-05-20 02:00:00+00:00,84.29000091552734,84.41999816894531,83.8499984741211,83.91000366210938,0
2026-05-20 03:00:00+00:00,83.9000015258789,84.19000244140625,83.79000091552734,84.0199966430664,0
2026-05-20 04:00:00+00:00,84.0199966430664,84.12999725341797,83.80000305175781,84.12999725341797,0
2026-05-20 05:00:00+00:00,84.1500015258789,84.86000061035156,84.1500015258789,84.69000244140625,16661248
2026-05-20 06:00:00+00:00,84.69000244140625,84.94000244140625,84.63999938964844,84.88999938964844,0
2026-05-20 07:00:00+00:00,84.91999816894531,85.02999877929688,84.61000061035156,84.66999816894531,0
2026-05-20 08:00:00+00:00,84.68000030517578,85.05999755859375,84.62000274658203,84.88999938964844,0
2026-05-20 09:00:00+00:00,84.87999725341797,85.0,84.76000213623047,84.80000305175781,0
2026-05-20 10:00:00+00:00,84.80000305175781,85.12000274658203,84.80000305175781,84.88999938964844,0
2026-05-20 11:00:00+00:00,84.87999725341797,84.9800033569336,84.5199966430664,84.62999725341797,0
2026-05-20 12:00:00+00:00,84.5999984741211,85.23999786376953,84.52999877929688,85.0199966430664,12667648
2026-05-20 13:00:00+00:00,85.04000091552734,85.08000183105469,84.11000061035156,84.62000274658203,0
2026-05-20 14:00:00+00:00,84.62999725341797,86.04000091552734,84.29000091552734,85.80999755859375,86188032
2026-05-20 15:00:00+00:00,85.7699966430664,86.16000366210938,85.3499984741211,85.83999633789062,127472128
2026-05-20 16:00:00+00:00,85.87999725341797,86.72000122070312,85.47000122070312,86.4000015258789,268217856
2026-05-20 17:00:00+00:00,86.4000015258789,86.9800033569336,86.23999786376953,86.44000244140625,110529280
2026-05-20 18:00:00+00:00,86.45999908447266,86.5,85.61000061035156,85.75,142629376
2026-05-20 19:00:00+00:00,85.72000122070312,86.19999694824219,85.55000305175781,86.06999969482422,34902528
2026-05-20 20:00:00+00:00,86.08000183105469,86.1500015258789,85.4800033569336,86.05999755859375,18250240
2026-05-20 21:00:00+00:00,86.06999969482422,86.2300033569336,85.87999725341797,85.88999938964844,11178752
2026-05-20 22:00:00+00:00,85.87999725341797,86.12999725341797,85.54000091552734,85.95999908447266,58229760
2026-05-20 23:00:00+00:00,85.87000274658203,86.08999633789062,85.77999877929688,86.08999633789062,24951552
2026-05-21 00:00:00+00:00,86.08999633789062,86.73999786376953,86.0199966430664,86.52999877929688,7582208
2026-05-21 01:00:00+00:00,86.55999755859375,86.94000244140625,86.36000061035156,86.45999908447266,32774656
2026-05-21 02:00:00+00:00,86.44000244140625,86.77999877929688,86.36000061035156,86.52999877929688,6862592
2026-05-21 03:00:00+00:00,86.5,86.83999633789062,86.44999694824219,86.76000213623047,42117632
2026-05-21 04:00:00+00:00,86.76000213623047,87.08999633789062,86.68000030517578,86.9000015258789,87090432
2026-05-21 05:00:00+00:00,86.87999725341797,87.01000213623047,86.2699966430664,86.41999816894531,6218240
2026-05-21 06:00:00+00:00,86.41999816894531,86.51000213623047,86.11000061035156,86.22000122070312,11062272
2026-05-21 07:00:00+00:00,86.19000244140625,86.6500015258789,86.16999816894531,86.55999755859375,12668928
2026-05-21 08:00:00+00:00,86.55999755859375,87.12000274658203,86.55000305175781,86.76000213623047,45788672
2026-05-21 09:00:00+00:00,86.73999786376953,86.95999908447266,86.37999725341797,86.4000015258789,36189952
2026-05-21 10:00:00+00:00,86.38999938964844,86.56999969482422,85.62999725341797,85.66000366210938,73827840
2026-05-21 11:00:00+00:00,85.66000366210938,85.86000061035156,85.4800033569336,85.5,42397440
2026-05-21 12:00:00+00:00,85.54000091552734,85.76000213623047,85.33999633789062,85.66000366210938,38680064
2026-05-21 13:00:00+00:00,85.6500015258789,86.02999877929688,85.2300033569336,85.97000122070312,38314240
2026-05-21 14:00:00+00:00,85.9800033569336,86.37999725341797,85.52999877929688,85.9000015258789,0
2026-05-21 15:00:00+00:00,85.94000244140625,86.79000091552734,85.83000183105469,86.37000274658203,0
2026-05-21 16:00:00+00:00,86.37999725341797,86.5,85.95999908447266,86.16999816894531,0
2026-05-21 17:00:00+00:00,86.20999908447266,87.87999725341797,86.08999633789062,87.52999877929688,232393216
2026-05-21 18:00:00+00:00,87.66000366210938,87.69999694824219,86.7300033569336,87.0,0
2026-05-21 19:00:00+00:00,87.0,87.7699966430664,87.0,87.73999786376953,30295552
2026-05-21 20:00:00+00:00,87.75,87.83000183105469,87.41999816894531,87.4800033569336,3277824
2026-05-21 21:00:00+00:00,87.48999786376953,87.62000274658203,87.23999786376953,87.2699966430664,14528256
2026-05-21 22:00:00+00:00,87.27999877929688,87.41000366210938,87.05999755859375,87.11000061035156,0
2026-05-21 23:00:00+00:00,87.08999633789062,87.30000305175781,86.93000030517578,87.26000213623047,0
2026-05-22 00:00:00+00:00,87.2699966430664,87.2699966430664,86.76000213623047,86.7699966430664,0
2026-05-22 01:00:00+00:00,86.73999786376953,87.0199966430664,86.54000091552734,86.98999786376953,0
2026-05-22 02:00:00+00:00,86.98999786376953,87.16000366210938,86.9000015258789,87.08000183105469,6276864
2026-05-22 03:00:00+00:00,87.08000183105469,87.2300033569336,86.83999633789062,86.94999694824219,0
2026-05-22 04:00:00+00:00,86.97000122070312,87.30000305175781,86.83999633789062,86.9000015258789,0
2026-05-22 05:00:00+00:00,86.9000015258789,87.05999755859375,86.68000030517578,86.7300033569336,0
2026-05-22 06:00:00+00:00,86.70999908447266,86.76000213623047,86.41999816894531,86.62000274658203,0
2026-05-22 07:00:00+00:00,86.62000274658203,87.05999755859375,86.44999694824219,86.88999938964844,44493568
2026-05-22 08:00:00+00:00,86.88999938964844,87.41999816894531,86.80999755859375,87.05000305175781,4188928
2026-05-22 09:00:00+00:00,87.0199966430664,87.30000305175781,86.95999908447266,87.18000030517578,0
2026-05-22 10:00:00+00:00,87.13999938964844,87.19000244140625,86.80000305175781,86.91000366210938,0
2026-05-22 11:00:00+00:00,86.91000366210938,87.25,86.62999725341797,87.23999786376953,0
2026-05-22 12:00:00+00:00,87.23999786376953,87.69000244140625,87.16999816894531,87.66999816894531,9752320
2026-05-22 13:00:00+00:00,87.69000244140625,87.7699966430664,87.0199966430664,87.30000305175781,0
2026-05-22 14:00:00+00:00,87.13999938964844,87.20999908447266,86.29000091552734,86.5199966430664,0
2026-05-22 15:00:00+00:00,86.45999908447266,86.87999725341797,86.20999908447266,86.66999816894531,0
2026-05-22 16:00:00+00:00,86.66999816894531,86.93000030517578,86.56999969482422,86.83000183105469,0
2026-05-22 17:00:00+00:00,86.83000183105469,87.08999633789062,86.41999816894531,86.55000305175781,0
2026-05-22 18:00:00+00:00,86.54000091552734,86.58999633789062,84.58999633789062,85.36000061035156,29689088
2026-05-22 19:00:00+00:00,85.33999633789062,85.52999877929688,83.98999786376953,84.45999908447266,155506688
2026-05-22 20:00:00+00:00,84.45999908447266,84.97000122070312,84.45999908447266,84.9000015258789,70545664
2026-05-22 21:00:00+00:00,84.87000274658203,85.19000244140625,84.83000183105469,85.06999969482422,0
2026-05-22 22:00:00+00:00,85.08999633789062,85.11000061035156,84.72000122070312,84.86000061035156,9929216
2026-05-22 23:00:00+00:00,84.87999725341797,85.05000305175781,83.91000366210938,84.29000091552734,11449088
2026-05-23 00:00:00+00:00,84.31999969482422,84.44000244140625,83.9800033569336,84.33000183105469,127118080
2026-05-23 01:00:00+00:00,84.3499984741211,84.54000091552734,84.20999908447266,84.41999816894531,0
2026-05-23 02:00:00+00:00,84.44999694824219,84.48999786376953,84.12999725341797,84.44000244140625,0
2026-05-23 03:00:00+00:00,84.41000366210938,84.6500015258789,84.38999938964844,84.58000183105469,14222848
2026-05-23 04:00:00+00:00,84.58000183105469,84.61000061035156,84.25,84.30999755859375,48837632
2026-05-23 05:00:00+00:00,84.31999969482422,84.37999725341797,84.08999633789062,84.36000061035156,0
2026-05-23 06:00:00+00:00,84.3499984741211,84.38999938964844,84.08999633789062,84.16000366210938,0
2026-05-23 07:00:00+00:00,84.16999816894531,84.22000122070312,81.4800033569336,82.13999938964844,275688960
2026-05-23 08:00:00+00:00,82.12999725341797,82.25,81.61000061035156,82.04000091552734,208089344
2026-05-23 09:00:00+00:00,82.02999877929688,82.0999984741211,81.88999938964844,81.91000366210938,18866944
2026-05-23 10:00:00+00:00,81.91000366210938,82.27999877929688,81.91000366210938,82.16000366210938,7565056
2026-05-23 11:00:00+00:00,82.16000366210938,82.37999725341797,82.13999938964844,82.20999908447266,0
2026-05-23 12:00:00+00:00,82.19999694824219,82.45999908447266,82.06999969482422,82.38999938964844,0
2026-05-23 13:00:00+00:00,82.38999938964844,83.31999969482422,82.38999938964844,83.12999725341797,23987712
2026-05-23 14:00:00+00:00,83.13999938964844,84.36000061035156,83.01000213623047,84.04000091552734,0
2026-05-23 15:00:00+00:00,84.05000305175781,84.43000030517578,83.55000305175781,84.0,55478272
2026-05-23 16:00:00+00:00,84.02999877929688,84.20999908447266,83.83000183105469,84.0199966430664,24804352
2026-05-23 17:00:00+00:00,84.0199966430664,84.26000213623047,83.93000030517578,84.11000061035156,0
2026-05-23 18:00:00+00:00,84.12000274658203,85.02999877929688,84.06999969482422,84.61000061035156,0
2026-05-23 19:00:00+00:00,84.63999938964844,85.01000213623047,84.5199966430664,84.86000061035156,0
2026-05-23 20:00:00+00:00,84.87000274658203,86.94999694824219,84.69999694824219,86.94999694824219,204726272
2026-05-23 21:00:00+00:00,87.0199966430664,87.33999633789062,85.88999938964844,86.16999816894531,179455744
2026-05-23 22:00:00+00:00,86.22000122070312,86.5,85.41999816894531,85.70999908447266,43071232
2026-05-23 23:00:00+00:00,85.61000061035156,85.83000183105469,85.55000305175781,85.63999938964844,0
2026-05-24 00:00:00+00:00,85.66999816894531,85.9000015258789,85.5199966430664,85.77999877929688,0
2026-05-24 01:00:00+00:00,85.80000305175781,86.12000274658203,85.7699966430664,85.91000366210938,0
2026-05-24 02:00:00+00:00,85.91000366210938,85.98999786376953,85.62999725341797,85.87000274658203,0
2026-05-24 03:00:00+00:00,85.86000061035156,86.01000213623047,85.5199966430664,85.73999786376953,0
2026-05-24 04:00:00+00:00,85.75,85.98999786376953,85.68000030517578,85.81999969482422,14137856
2026-05-24 05:00:00+00:00,85.81999969482422,86.05999755859375,85.4800033569336,86.04000091552734,11882496
2026-05-24 06:00:00+00:00,86.04000091552734,86.37000274658203,85.83000183105469,86.3499984741211,7557120
2026-05-24 07:00:00+00:00,86.36000061035156,86.56999969482422,85.91999816894531,85.97000122070312,0
2026-05-24 08:00:00+00:00,85.9800033569336,86.41000366210938,85.91000366210938,86.41000366210938,0
2026-05-24 09:00:00+00:00,86.4000015258789,86.83000183105469,86.30999755859375,86.43000030517578,18131968
2026-05-24 10:00:00+00:00,86.41999816894531,86.5999984741211,86.1500015258789,86.37999725341797,40120576
2026-05-24 11:00:00+00:00,86.38999938964844,86.79000091552734,86.3499984741211,86.55000305175781,59709184
2026-05-24 12:00:00+00:00,86.56999969482422,86.58000183105469,86.08000183105469,86.25,10969088
2026-05-24 13:00:00+00:00,86.27999877929688,86.3499984741211,85.62999725341797,85.80000305175781,0
2026-05-24 14:00:00+00:00,85.80000305175781,85.91000366210938,84.37999725341797,85.1500015258789,66778880
2026-05-24 15:00:00+00:00,85.16000366210938,85.33999633789062,85.06999969482422,85.20999908447266,0
2026-05-24 16:00:00+00:00,85.19999694824219,85.7300033569336,85.08999633789062,85.55000305175781,14576384
2026-05-24 17:00:00+00:00,85.52999877929688,85.68000030517578,85.37000274658203,85.55000305175781,0
2026-05-24 18:00:00+00:00,85.55999755859375,85.58000183105469,85.16000366210938,85.27999877929688,0
2026-05-24 19:00:00+00:00,85.29000091552734,85.4000015258789,85.12000274658203,85.26000213623047,0
2026-05-24 20:00:00+00:00,85.27999877929688,85.30999755859375,84.4800033569336,84.66999816894531,0
2026-05-24 21:00:00+00:00,84.66999816894531,84.87999725341797,83.58000183105469,83.8499984741211,0
2026-05-24 22:00:00+00:00,83.91000366210938,85.2300033569336,83.9000015258789,84.88999938964844,69183744
2026-05-24 23:00:00+00:00,84.88999938964844,85.4000015258789,84.88999938964844,85.16999816894531,17927680
2026-05-25 00:00:00+00:00,85.18000030517578,85.5199966430664,85.1500015258789,85.38999938964844,8110848
2026-05-25 01:00:00+00:00,85.41999816894531,85.5,84.7300033569336,84.76000213623047,0
2026-05-25 02:00:00+00:00,84.80000305175781,85.63999938964844,84.80000305175781,84.97000122070312,65503488
2026-05-25 03:00:00+00:00,84.95999908447266,85.06999969482422,84.69999694824219,84.83999633789062,26076160
2026-05-25 04:00:00+00:00,84.83999633789062,85.80000305175781,84.83000183105469,85.73999786376953,25115392
2026-05-25 05:00:00+00:00,85.76000213623047,86.05000305175781,85.6500015258789,85.88999938964844,40966144
2026-05-25 06:00:00+00:00,85.88999938964844,86.0199966430664,85.56999969482422,85.88999938964844,19309312
2026-05-25 07:00:00+00:00,85.9000015258789,86.05999755859375,85.5199966430664,85.87000274658203,3764224
2026-05-25 08:00:00+00:00,85.83000183105469,86.0,85.68000030517578,85.94999694824219,0
2026-05-25 09:00:00+00:00,85.93000030517578,86.12000274658203,85.83000183105469,85.83999633789062,0
2026-05-25 10:00:00+00:00,85.86000061035156,86.0199966430664,85.80000305175781,85.9800033569336,60318720
2026-05-25 11:00:00+00:00,85.95999908447266,86.06999969482422,85.63999938964844,85.69000244140625,0
2026-05-25 12:00:00+00:00,85.69000244140625,85.98999786376953,85.58000183105469,85.79000091552734,803840
2026-05-25 13:00:00+00:00,85.77999877929688,85.94999694824219,85.69000244140625,85.93000030517578,0
2026-05-25 14:00:00+00:00,85.93000030517578,86.37000274658203,85.8499984741211,86.26000213623047,0
2026-05-25 15:00:00+00:00,86.2699966430664,86.41999816894531,85.9800033569336,86.16999816894531,57329152
2026-05-25 16:00:00+00:00,86.16999816894531,86.3499984741211,85.9000015258789,86.19000244140625,0
2026-05-25 17:00:00+00:00,86.19999694824219,86.31999969482422,85.98999786376953,86.05999755859375,23906304
2026-05-25 18:00:00+00:00,86.0199966430664,86.2300033569336,85.81999969482422,85.83999633789062,0
2026-05-25 19:00:00+00:00,85.83000183105469,85.86000061035156,85.47000122070312,85.55999755859375,20985344
2026-05-25 20:00:00+00:00,85.55000305175781,85.80000305175781,85.2300033569336,85.33000183105469,0
2026-05-25 21:00:00+00:00,85.31999969482422,85.4800033569336,85.19999694824219,85.30000305175781,0
2026-05-25 22:00:00+00:00,85.29000091552734,85.45999908447266,84.62999725341797,84.73999786376953,0
2026-05-25 23:00:00+00:00,84.69999694824219,85.12999725341797,84.66000366210938,84.9800033569336,0
2026-05-26 00:00:00+00:00,84.98999786376953,84.98999786376953,83.83000183105469,84.30999755859375,1564928
2026-05-26 01:00:00+00:00,84.26000213623047,84.4800033569336,83.79000091552734,84.02999877929688,51703808
2026-05-26 02:00:00+00:00,84.06999969482422,84.1500015258789,83.83000183105469,83.94000244140625,0
2026-05-26 03:00:00+00:00,83.93000030517578,84.18000030517578,83.76000213623047,84.12999725341797,0
2026-05-26 04:00:00+00:00,84.16000366210938,84.43000030517578,83.91999816894531,84.27999877929688,32780032
2026-05-26 05:00:00+00:00,84.2699966430664,84.87000274658203,84.19000244140625,84.56999969482422,0
2026-05-26 06:00:00+00:00,84.54000091552734,84.73999786376953,84.33000183105469,84.5199966430664,0
2026-05-26 07:00:00+00:00,84.52999877929688,84.54000091552734,84.01000213623047,84.25,0
2026-05-26 08:00:00+00:00,84.26000213623047,84.47000122070312,84.23999786376953,84.36000061035156,4208896
2026-05-26 09:00:00+00:00,84.37999725341797,84.61000061035156,84.19999694824219,84.37999725341797,8415744
2026-05-26 10:00:00+00:00,84.33999633789062,85.69000244140625,84.2699966430664,85.47000122070312,130905600
2026-05-26 11:00:00+00:00,85.51000213623047,85.55999755859375,85.11000061035156,85.12999725341797,51216128
2026-05-26 12:00:00+00:00,85.12999725341797,85.31999969482422,84.7300033569336,85.22000122070312,53692160
2026-05-26 13:00:00+00:00,85.2300033569336,85.66000366210938,84.5999984741211,85.37999725341797,93348608
2026-05-26 14:00:00+00:00,85.4800033569336,86.02999877929688,84.70999908447266,85.13999938964844,155957248
2026-05-26 15:00:00+00:00,85.16999816894531,85.25,83.93000030517578,84.38999938964844,98222848
2026-05-26 16:00:00+00:00,84.38999938964844,84.45999908447266,83.8499984741211,84.12999725341797,112424704
2026-05-26 17:00:00+00:00,84.12999725341797,84.29000091552734,83.05000305175781,83.47000122070312,125481472
2026-05-26 18:00:00+00:00,83.44000244140625,83.95999908447266,83.3499984741211,83.47000122070312,68905216
2026-05-26 19:00:00+00:00,83.48999786376953,83.87000274658203,83.20999908447266,83.58999633789062,20562176
2026-05-26 20:00:00+00:00,83.66999816894531,83.83999633789062,83.58999633789062,83.80999755859375,3441664
2026-05-26 21:00:00+00:00,83.80999755859375,83.8499984741211,83.45999908447266,83.56999969482422,4034816
2026-05-26 22:00:00+00:00,83.58999633789062,83.75,83.41000366210938,83.54000091552734,0
2026-05-26 23:00:00+00:00,83.55999755859375,83.7300033569336,83.5199966430664,83.58000183105469,0
2026-05-27 00:00:00+00:00,83.62000274658203,84.05000305175781,83.5999984741211,84.0199966430664,0
2026-05-27 01:00:00+00:00,84.02999877929688,84.05999755859375,83.69000244140625,83.75,0
2026-05-27 02:00:00+00:00,83.75,83.80000305175781,83.43000030517578,83.80000305175781,0
2026-05-27 03:00:00+00:00,83.83999633789062,83.94999694824219,83.38999938964844,83.51000213623047,0
2026-05-27 04:00:00+00:00,83.4800033569336,83.55999755859375,82.81999969482422,83.5199966430664,40129536
2026-05-27 05:00:00+00:00,83.5199966430664,83.80000305175781,83.44999694824219,83.76000213623047,0
2026-05-27 06:00:00+00:00,83.7699966430664,83.93000030517578,83.62000274658203,83.91000366210938,0
2026-05-27 07:00:00+00:00,83.95999908447266,84.08000183105469,83.76000213623047,84.06999969482422,0
2026-05-27 08:00:00+00:00,84.06999969482422,84.27999877929688,83.77999877929688,83.80999755859375,11360000
2026-05-27 09:00:00+00:00,83.83000183105469,83.83999633789062,83.5,83.6500015258789,0
2026-05-27 10:00:00+00:00,83.62999725341797,83.95999908447266,83.54000091552734,83.86000061035156,0
2026-05-27 11:00:00+00:00,83.83000183105469,84.0999984741211,83.7699966430664,83.80000305175781,0
2026-05-27 12:00:00+00:00,83.81999969482422,84.51000213623047,83.44000244140625,83.80000305175781,7047680
2026-05-27 13:00:00+00:00,83.83999633789062,83.91999816894531,82.83000183105469,83.4800033569336,6941440
2026-05-27 14:00:00+00:00,83.51000213623047,83.94999694824219,83.0999984741211,83.7699966430664,0
2026-05-27 15:00:00+00:00,83.75,84.63999938964844,83.75,84.27999877929688,0
2026-05-27 16:00:00+00:00,84.29000091552734,84.58999633789062,83.73999786376953,84.02999877929688,0
2026-05-27 17:00:00+00:00,84.04000091552734,84.05999755859375,83.0199966430664,83.26000213623047,0
2026-05-27 18:00:00+00:00,83.23999786376953,83.83999633789062,83.05000305175781,83.79000091552734,0
2026-05-27 19:00:00+00:00,83.80999755859375,83.9800033569336,83.72000122070312,83.76000213623047,0
2026-05-27 20:00:00+00:00,83.76000213623047,83.97000122070312,83.61000061035156,83.6500015258789,0
2026-05-27 21:00:00+00:00,83.6500015258789,83.6500015258789,82.0,82.3499984741211,79148288
2026-05-27 22:00:00+00:00,82.37999725341797,82.86000061035156,82.16000366210938,82.31999969482422,102581248
2026-05-27 23:00:00+00:00,82.29000091552734,82.55999755859375,82.06999969482422,82.30000305175781,38673664
2026-05-28 00:00:00+00:00,82.2699966430664,82.5999984741211,82.2300033569336,82.58999633789062,3875840
2026-05-28 01:00:00+00:00,82.5999984741211,82.62999725341797,81.83000183105469,82.1500015258789,74263040
2026-05-28 02:00:00+00:00,82.19999694824219,82.30000305175781,81.9000015258789,81.97000122070312,54638336
2026-05-28 03:00:00+00:00,82.0,82.0999984741211,80.4000015258789,80.58000183105469,208008704
2026-05-28 04:00:00+00:00,80.58000183105469,80.81999969482422,79.94999694824219,80.76000213623047,150329088
2026-05-28 05:00:00+00:00,80.76000213623047,80.83999633789062,80.30999755859375,80.55999755859375,64069632
2026-05-28 06:00:00+00:00,80.54000091552734,80.94000244140625,80.4000015258789,80.81999969482422,34149376
2026-05-28 07:00:00+00:00,80.81999969482422,81.13999938964844,80.7300033569336,81.11000061035156,52636672
2026-05-28 08:00:00+00:00,81.1500015258789,81.1500015258789,80.69000244140625,80.8499984741211,0
2026-05-28 09:00:00+00:00,80.86000061035156,81.16999816894531,80.70999908447266,81.08999633789062,9738496
2026-05-28 10:00:00+00:00,81.08999633789062,81.19000244140625,80.61000061035156,80.61000061035156,20416000
2026-05-28 11:00:00+00:00,80.62000274658203,80.80000305175781,80.47000122070312,80.73999786376953,0
2026-05-28 12:00:00+00:00,80.73999786376953,81.11000061035156,80.45999908447266,81.01000213623047,0
2026-05-28 13:00:00+00:00,81.0,81.19999694824219,80.41000366210938,80.6500015258789,0
2026-05-28 14:00:00+00:00,80.66000366210938,81.48999786376953,79.87999725341797,81.05000305175781,77383424
2026-05-28 15:00:00+00:00,81.02999877929688,81.23999786376953,80.45999908447266,81.01000213623047,0
2026-05-28 16:00:00+00:00,80.9800033569336,82.05000305175781,80.79000091552734,81.94000244140625,19688448
2026-05-28 17:00:00+00:00,81.95999908447266,82.48999786376953,81.72000122070312,82.18000030517578,0
2026-05-28 18:00:00+00:00,82.1500015258789,82.87999725341797,82.12999725341797,82.77999877929688,43315456
2026-05-28 19:00:00+00:00,82.75,82.75,82.05000305175781,82.08000183105469,0
2026-05-28 20:00:00+00:00,82.08999633789062,82.4800033569336,81.69999694824219,82.18000030517578,17186304
2026-05-28 21:00:00+00:00,82.2300033569336,82.55000305175781,82.12000274658203,82.31999969482422,0
2026-05-28 22:00:00+00:00,82.30000305175781,82.51000213623047,81.80000305175781,81.91999816894531,0
2026-05-28 23:00:00+00:00,81.91999816894531,82.16000366210938,81.87999725341797,82.0,12800
2026-05-29 00:00:00+00:00,82.01000213623047,82.37000274658203,82.01000213623047,82.20999908447266,0
2026-05-29 01:00:00+00:00,82.20999908447266,82.37000274658203,81.93000030517578,82.08999633789062,0
2026-05-29 02:00:00+00:00,82.0999984741211,82.20999908447266,81.37000274658203,81.44000244140625,0
2026-05-29 03:00:00+00:00,81.52999877929688,81.83000183105469,81.4000015258789,81.5,0
2026-05-29 04:00:00+00:00,81.5,81.80999755859375,81.2699966430664,81.80000305175781,0
2026-05-29 05:00:00+00:00,81.80000305175781,82.06999969482422,81.70999908447266,81.95999908447266,0
2026-05-29 06:00:00+00:00,81.93000030517578,82.36000061035156,81.91000366210938,82.18000030517578,0
2026-05-29 07:00:00+00:00,82.16000366210938,82.33999633789062,81.80000305175781,82.12999725341797,0
2026-05-29 08:00:00+00:00,82.0999984741211,82.37000274658203,82.06999969482422,82.0999984741211,18625536
2026-05-29 09:00:00+00:00,82.12999725341797,82.5199966430664,82.08999633789062,82.33000183105469,0
2026-05-29 10:00:00+00:00,82.31999969482422,82.31999969482422,81.9800033569336,82.02999877929688,0
2026-05-29 11:00:00+00:00,82.02999877929688,82.0999984741211,81.41999816894531,81.66000366210938,5433344
2026-05-29 12:00:00+00:00,81.63999938964844,81.66999816894531,81.20999908447266,81.38999938964844,26964736
2026-05-29 13:00:00+00:00,81.36000061035156,81.58000183105469,80.98999786376953,81.30000305175781,0
2026-05-29 14:00:00+00:00,81.31999969482422,81.44000244140625,80.25,81.20999908447266,0
2026-05-29 15:00:00+00:00,81.23999786376953,83.08000183105469,81.0999984741211,82.45999908447266,259085056
2026-05-29 16:00:00+00:00,82.48999786376953,82.98999786376953,82.08999633789062,82.81999969482422,35708416
2026-05-29 17:00:00+00:00,82.80999755859375,83.0999984741211,82.55999755859375,82.66999816894531,43231744
2026-05-29 18:00:00+00:00,82.69999694824219,82.86000061035156,81.7300033569336,81.94999694824219,0
2026-05-29 19:00:00+00:00,81.94000244140625,82.2699966430664,81.47000122070312,81.97000122070312,23729152
2026-05-29 20:00:00+00:00,81.95999908447266,82.22000122070312,81.91000366210938,82.12000274658203,0
2026-05-29 21:00:00+00:00,82.11000061035156,82.27999877929688,81.5999984741211,81.5999984741211,5699840
2026-05-29 22:00:00+00:00,81.61000061035156,81.9000015258789,81.51000213623047,81.87000274658203,8314624
2026-05-29 23:00:00+00:00,81.8499984741211,81.9800033569336,81.66000366210938,81.93000030517578,21981952
2026-05-30 00:00:00+00:00,81.93000030517578,82.23999786376953,81.8499984741211,82.18000030517578,0
2026-05-30 01:00:00+00:00,82.20999908447266,82.80000305175781,82.0999984741211,82.70999908447266,22837504
2026-05-30 02:00:00+00:00,82.70999908447266,82.91000366210938,82.66000366210938,82.87000274658203,0
2026-05-30 03:00:00+00:00,82.86000061035156,82.9800033569336,82.52999877929688,82.55999755859375,0
2026-05-30 04:00:00+00:00,82.55999755859375,82.69000244140625,81.77999877929688,82.22000122070312,17314304
2026-05-30 05:00:00+00:00,82.19999694824219,82.5999984741211,82.11000061035156,82.48999786376953,29451776
2026-05-30 06:00:00+00:00,82.5,82.62000274658203,82.2699966430664,82.37999725341797,0
2026-05-30 07:00:00+00:00,82.37999725341797,82.41000366210938,82.16000366210938,82.2699966430664,0
2026-05-30 08:00:00+00:00,82.2699966430664,82.29000091552734,82.08999633789062,82.12000274658203,0
2026-05-30 09:00:00+00:00,82.12000274658203,82.29000091552734,82.0999984741211,82.23999786376953,0
2026-05-30 10:00:00+00:00,82.26000213623047,82.4000015258789,82.19999694824219,82.2699966430664,0
2026-05-30 11:00:00+00:00,82.25,82.43000030517578,82.11000061035156,82.22000122070312,0
2026-05-30 12:00:00+00:00,82.22000122070312,82.33000183105469,82.13999938964844,82.31999969482422,0
2026-05-30 13:00:00+00:00,82.31999969482422,82.43000030517578,82.13999938964844,82.37000274658203,0
2026-05-30 14:00:00+00:00,82.37999725341797,82.6500015258789,82.33000183105469,82.5199966430664,0
2026-05-30 15:00:00+00:00,82.56999969482422,82.79000091552734,82.37000274658203,82.56999969482422,0
2026-05-30 16:00:00+00:00,82.56999969482422,82.80999755859375,82.5,82.77999877929688,0
2026-05-30 17:00:00+00:00,82.7699966430664,82.93000030517578,82.55000305175781,82.93000030517578,0
2026-05-30 18:00:00+00:00,82.91000366210938,83.0199966430664,82.73999786376953,82.9000015258789,0
2026-05-30 19:00:00+00:00,82.9000015258789,82.91999816894531,82.66000366210938,82.87000274658203,0
2026-05-30 20:00:00+00:00,82.87000274658203,82.95999908447266,82.7300033569336,82.83999633789062,0
2026-05-30 21:00:00+00:00,82.8499984741211,83.02999877929688,82.79000091552734,82.9000015258789,0
2026-05-30 22:00:00+00:00,82.86000061035156,82.86000061035156,82.36000061035156,82.54000091552734,0
2026-05-30 23:00:00+00:00,82.52999877929688,82.7699966430664,82.4000015258789,82.61000061035156,0
2026-05-31 00:00:00+00:00,82.63999938964844,82.83000183105469,82.51000213623047,82.80999755859375,0
2026-05-31 01:00:00+00:00,82.80000305175781,83.0999984741211,82.80000305175781,82.88999938964844,0
2026-05-31 02:00:00+00:00,82.87999725341797,83.2699966430664,82.75,83.02999877929688,10962944
2026-05-31 03:00:00+00:00,83.02999877929688,83.20999908447266,82.9800033569336,83.11000061035156,0
2026-05-31 04:00:00+00:00,83.11000061035156,83.18000030517578,82.9800033569336,83.08999633789062,0
2026-05-31 05:00:00+00:00,83.06999969482422,83.0999984741211,82.87000274658203,82.9000015258789,0
2026-05-31 06:00:00+00:00,82.91999816894531,82.91999816894531,82.70999908447266,82.83999633789062,0
2026-05-31 07:00:00+00:00,82.80999755859375,82.81999969482422,82.4000015258789,82.54000091552734,1104256
2026-05-31 08:00:00+00:00,82.54000091552734,82.73999786376953,82.4800033569336,82.66999816894531,8960640
2026-05-31 09:00:00+00:00,82.66000366210938,82.93000030517578,82.52999877929688,82.62000274658203,4082048
2026-05-31 10:00:00+00:00,82.61000061035156,82.62000274658203,82.36000061035156,82.5999984741211,12451200
2026-05-31 11:00:00+00:00,82.5999984741211,82.7300033569336,82.55999755859375,82.6500015258789,0
2026-05-31 12:00:00+00:00,82.63999938964844,82.80999755859375,82.44999694824219,82.69999694824219,0
2026-05-31 13:00:00+00:00,82.69999694824219,83.0,82.54000091552734,82.63999938964844,0
2026-05-31 14:00:00+00:00,82.6500015258789,82.6500015258789,81.7699966430664,81.8499984741211,58025344
2026-05-31 15:00:00+00:00,81.83999633789062,82.16000366210938,81.73999786376953,81.77999877929688,0
2026-05-31 16:00:00+00:00,81.7699966430664,81.91999816894531,81.33000183105469,81.47000122070312,38140160
2026-05-31 17:00:00+00:00,81.45999908447266,81.79000091552734,81.36000061035156,81.7300033569336,0
2026-05-31 18:00:00+00:00,81.73999786376953,81.73999786376953,81.5,81.62999725341797,0
2026-05-31 19:00:00+00:00,81.62000274658203,81.66000366210938,81.2300033569336,81.45999908447266,0
2026-05-31 20:00:00+00:00,81.47000122070312,81.87000274658203,81.47000122070312,81.8499984741211,2675200
2026-05-31 21:00:00+00:00,81.8499984741211,82.23999786376953,81.76000213623047,82.19000244140625,453632
2026-05-31 22:00:00+00:00,82.19000244140625,82.56999969482422,81.91999816894531,82.38999938964844,22915584
2026-05-31 23:00:00+00:00,82.41999816894531,82.77999877929688,81.83000183105469,82.31999969482422,31346944
2026-06-01 00:00:00+00:00,82.30999755859375,82.95999908447266,82.26000213623047,82.69999694824219,63283712
2026-06-01 01:00:00+00:00,82.70999908447266,82.72000122070312,81.63999938964844,81.6500015258789,16655616
2026-06-01 02:00:00+00:00,81.62999725341797,82.75,81.52999877929688,82.56999969482422,29166336
2026-06-01 03:00:00+00:00,82.54000091552734,82.8499984741211,82.44000244140625,82.5,37332224
2026-06-01 04:00:00+00:00,82.51000213623047,82.6500015258789,81.66000366210938,81.91999816894531,34566144
2026-06-01 05:00:00+00:00,81.9000015258789,82.0,81.51000213623047,81.70999908447266,20077568
2026-06-01 06:00:00+00:00,81.69999694824219,81.76000213623047,81.0199966430664,81.33999633789062,41946624
2026-06-01 07:00:00+00:00,81.33000183105469,81.45999908447266,80.54000091552734,80.62999725341797,39730944
2026-06-01 08:00:00+00:00,80.63999938964844,80.94000244140625,80.36000061035156,80.88999938964844,63086336
2026-06-01 09:00:00+00:00,80.88999938964844,81.18000030517578,80.87999725341797,80.95999908447266,51829248
2026-06-01 10:00:00+00:00,80.98999786376953,81.08000183105469,80.7300033569336,81.0,38371584
2026-06-01 11:00:00+00:00,81.0,81.12999725341797,80.55000305175781,80.72000122070312,40669952
2026-06-01 12:00:00+00:00,80.76000213623047,80.95999908447266,80.19000244140625,80.72000122070312,146772224
2026-06-01 13:00:00+00:00,80.73999786376953,80.75,79.16999816894531,79.70999908447266,187749120
2026-06-01 14:00:00+00:00,79.72000122070312,79.9800033569336,79.30000305175781,79.54000091552734,132547328
2026-06-01 15:00:00+00:00,79.58000183105469,79.9000015258789,79.05999755859375,79.47000122070312,114131968
2026-06-01 16:00:00+00:00,79.45999908447266,80.31999969482422,79.0,80.27999877929688,58440960
2026-06-01 17:00:00+00:00,80.29000091552734,81.06999969482422,80.16999816894531,80.83000183105469,142806016
2026-06-01 18:00:00+00:00,80.80999755859375,81.0999984741211,80.47000122070312,80.73999786376953,47909376
2026-06-01 19:00:00+00:00,80.75,81.19000244140625,80.51000213623047,81.08999633789062,50914304
2026-06-01 20:00:00+00:00,81.0999984741211,81.13999938964844,80.8499984741211,81.02999877929688,33722368
2026-06-01 21:00:00+00:00,81.02999877929688,81.04000091552734,80.4000015258789,80.56999969482422,81450752
2026-06-01 22:00:00+00:00,80.52999877929688,81.36000061035156,80.2300033569336,81.29000091552734,39812352
2026-06-01 23:00:00+00:00,81.29000091552734,81.5199966430664,80.97000122070312,81.13999938964844,43975424
2026-06-02 00:00:00+00:00,81.16999816894531,81.16999816894531,80.7699966430664,80.77999877929688,0
2026-06-02 01:00:00+00:00,80.83000183105469,80.93000030517578,79.97000122070312,79.98999786376953,0
2026-06-02 02:00:00+00:00,79.98999786376953,80.61000061035156,79.33999633789062,80.61000061035156,55213312
2026-06-02 03:00:00+00:00,80.69999694824219,80.91999816894531,80.52999877929688,80.79000091552734,18502912
2026-06-02 04:00:00+00:00,80.81999969482422,80.91000366210938,80.26000213623047,80.31999969482422,0
2026-06-02 05:00:00+00:00,80.31999969482422,80.44999694824219,79.48999786376953,79.51000213623047,23255552
2026-06-02 06:00:00+00:00,79.51000213623047,79.70999908447266,79.2300033569336,79.4800033569336,38384384
2026-06-02 07:00:00+00:00,79.51000213623047,79.80999755859375,79.05999755859375,79.54000091552734,14087424
2026-06-02 08:00:00+00:00,79.55999755859375,79.69000244140625,79.36000061035156,79.4800033569336,0
2026-06-02 09:00:00+00:00,79.51000213623047,79.5199966430664,78.66999816894531,78.98999786376953,36199168
2026-06-02 10:00:00+00:00,78.98999786376953,79.3499984741211,78.8499984741211,79.31999969482422,0
2026-06-02 11:00:00+00:00,79.29000091552734,79.30999755859375,78.73999786376953,78.83000183105469,15112448
2026-06-02 12:00:00+00:00,78.80999755859375,79.0199966430664,78.52999877929688,78.86000061035156,0
2026-06-02 13:00:00+00:00,78.86000061035156,79.11000061035156,78.68000030517578,78.80000305175781,0
2026-06-02 14:00:00+00:00,78.76000213623047,78.80999755859375,76.63999938964844,77.30000305175781,134115840
2026-06-02 15:00:00+00:00,77.30999755859375,77.31999969482422,75.58999633789062,76.25,187423744
2026-06-02 16:00:00+00:00,76.19999694824219,77.52999877929688,76.0199966430664,76.5999984741211,96710912
2026-06-02 17:00:00+00:00,76.58000183105469,77.05999755859375,76.37000274658203,76.69999694824219,0
2026-06-02 18:00:00+00:00,76.69000244140625,76.93000030517578,75.70999908447266,76.02999877929688,16176896
2026-06-02 19:00:00+00:00,76.0199966430664,76.1500015258789,74.5199966430664,75.41000366210938,212827136
2026-06-02 20:00:00+00:00,75.36000061035156,75.80999755859375,74.66999816894531,75.31999969482422,69520128
2026-06-02 21:00:00+00:00,75.33000183105469,75.95999908447266,75.22000122070312,75.55999755859375,0
2026-06-02 22:00:00+00:00,75.52999877929688,75.54000091552734,73.2699966430664,73.54000091552734,95047680
2026-06-02 23:00:00+00:00,73.6500015258789,74.2300033569336,72.66999816894531,74.11000061035156,227376640
2026-06-03 00:00:00+00:00,74.13999938964844,75.01000213623047,73.91000366210938,74.75,112301568
2026-06-03 01:00:00+00:00,74.75,74.94000244140625,74.05000305175781,74.63999938964844,23516672
2026-06-03 02:00:00+00:00,74.63999938964844,74.69999694824219,74.11000061035156,74.30000305175781,0
2026-06-03 03:00:00+00:00,74.33000183105469,74.44000244140625,72.2300033569336,72.5999984741211,115685376
2026-06-03 04:00:00+00:00,72.62000274658203,74.01000213623047,72.62000274658203,73.95999908447266,115083264
2026-06-03 05:00:00+00:00,73.98999786376953,74.76000213623047,73.94999694824219,74.63999938964844,95163392
2026-06-03 06:00:00+00:00,74.63999938964844,75.22000122070312,74.56999969482422,74.76000213623047,40802304
2026-06-03 07:00:00+00:00,74.70999908447266,75.31999969482422,74.68000030517578,75.16000366210938,7721984
2026-06-03 08:00:00+00:00,75.16000366210938,75.23999786376953,74.7699966430664,74.88999938964844,4384256
2026-06-03 09:00:00+00:00,74.94000244140625,75.29000091552734,74.62999725341797,74.87999725341797,0
2026-06-03 10:00:00+00:00,74.88999938964844,75.48999786376953,74.86000061035156,75.44000244140625,39090176
2026-06-03 11:00:00+00:00,75.44000244140625,75.5999984741211,74.88999938964844,75.0199966430664,0
2026-06-03 12:00:00+00:00,75.02999877929688,75.16000366210938,74.5999984741211,75.05000305175781,4283904
2026-06-03 13:00:00+00:00,75.0999984741211,75.2699966430664,74.30000305175781,74.44999694824219,9596416
2026-06-03 14:00:00+00:00,74.4000015258789,74.45999908447266,73.73999786376953,74.33999633789062,0
2026-06-03 15:00:00+00:00,74.30000305175781,74.37999725341797,73.13999938964844,73.19999694824219,0
2026-06-03 16:00:00+00:00,73.30000305175781,73.37000274658203,71.95999908447266,72.88999938964844,18143232
2026-06-03 17:00:00+00:00,72.91999816894531,73.95999908447266,72.30999755859375,73.05000305175781,8676352
2026-06-03 18:00:00+00:00,73.08999633789062,73.33999633789062,72.37000274658203,73.0,18370560
2026-06-03 19:00:00+00:00,72.98999786376953,73.05999755859375,71.62999725341797,71.9000015258789,0
2026-06-03 20:00:00+00:00,71.87000274658203,72.31999969482422,70.87999725341797,71.12000274658203,144264704
2026-06-03 21:00:00+00:00,71.05000305175781,72.73999786376953,70.94000244140625,72.69000244140625,124595712
2026-06-03 22:00:00+00:00,72.72000122070312,73.02999877929688,71.8499984741211,72.0999984741211,0
2026-06-03 23:00:00+00:00,72.12000274658203,72.16000366210938,71.47000122070312,71.5199966430664,0
2026-06-04 00:00:00+00:00,71.5199966430664,71.98999786376953,70.26000213623047,70.68000030517578,130599936
2026-06-04 01:00:00+00:00,70.66000366210938,70.83999633789062,68.33999633789062,68.5,289194496
2026-06-04 02:00:00+00:00,68.56999969482422,70.37999725341797,66.83000183105469,69.9800033569336,511567360
2026-06-04 03:00:00+00:00,70.05000305175781,71.55000305175781,69.98999786376953,71.38999938964844,70661120
2026-06-04 04:00:00+00:00,71.41000366210938,71.69000244140625,70.7300033569336,70.81999969482422,0
2026-06-04 05:00:00+00:00,70.7699966430664,70.80999755859375,69.88999938964844,70.2699966430664,0
2026-06-04 06:00:00+00:00,70.25,71.12999725341797,70.19000244140625,70.29000091552734,0
2026-06-04 07:00:00+00:00,70.30999755859375,70.33000183105469,69.08000183105469,69.08999633789062,0
2026-06-04 08:00:00+00:00,69.08000183105469,69.3499984741211,68.26000213623047,69.16000366210938,116070912
2026-06-04 09:00:00+00:00,69.13999938964844,69.13999938964844,67.6500015258789,68.76000213623047,90933248
2026-06-04 10:00:00+00:00,68.70999908447266,68.81999969482422,67.48999786376953,67.83999633789062,7434240
2026-06-04 11:00:00+00:00,67.83000183105469,68.62000274658203,67.37999725341797,68.62000274658203,249948160
2026-06-04 12:00:00+00:00,68.62999725341797,70.26000213623047,68.25,70.02999877929688,187067904
2026-06-04 13:00:00+00:00,70.0199966430664,70.47000122070312,69.0,70.2699966430664,82388992
2026-06-04 14:00:00+00:00,70.3499984741211,70.55999755859375,69.51000213623047,69.69999694824219,49122816
2026-06-04 15:00:00+00:00,69.6500015258789,70.41999816894531,69.33999633789062,69.55999755859375,77870592
2026-06-04 16:00:00+00:00,69.58000183105469,69.58999633789062,68.9000015258789,69.33000183105469,0
2026-06-04 17:00:00+00:00,69.31999969482422,69.63999938964844,68.44000244140625,69.16000366210938,0
2026-06-04 18:00:00+00:00,69.20999908447266,69.7699966430664,68.58999633789062,69.43000030517578,28583936
2026-06-04 19:00:00+00:00,69.4000015258789,69.5999984741211,68.95999908447266,69.0199966430664,0
2026-06-04 20:00:00+00:00,69.01000213623047,69.04000091552734,68.36000061035156,68.73999786376953,0
2026-06-04 21:00:00+00:00,68.73999786376953,68.95999908447266,67.55000305175781,67.70999908447266,0
2026-06-04 22:00:00+00:00,67.69999694824219,68.48999786376953,67.51000213623047,68.41000366210938,44169728
2026-06-04 23:00:00+00:00,68.37000274658203,68.8499984741211,67.94000244140625,68.80999755859375,0
2026-06-05 00:00:00+00:00,68.72000122070312,69.0,68.19999694824219,68.2300033569336,0
2026-06-05 01:00:00+00:00,68.19999694824219,68.7300033569336,67.5,68.43000030517578,0
2026-06-05 02:00:00+00:00,68.41999816894531,68.52999877929688,67.12000274658203,67.2300033569336,0
2026-06-05 03:00:00+00:00,67.31999969482422,67.77999877929688,66.9000015258789,67.0,0
2026-06-05 04:00:00+00:00,67.05000305175781,67.94000244140625,66.45999908447266,67.8499984741211,101866496
2026-06-05 05:00:00+00:00,67.87999725341797,68.0,66.0199966430664,66.12999725341797,39002624
2026-06-05 06:00:00+00:00,66.08000183105469,66.4800033569336,63.86000061035156,64.97000122070312,464558080
2026-06-05 07:00:00+00:00,64.95999908447266,66.23999786376953,63.88999938964844,66.11000061035156,224527872
2026-06-05 08:00:00+00:00,66.12999725341797,66.12999725341797,65.04000091552734,65.25,0
2026-06-05 09:00:00+00:00,65.2699966430664,66.5199966430664,65.2699966430664,66.51000213623047,0
2026-06-05 10:00:00+00:00,66.52999877929688,66.66999816894531,66.08999633789062,66.36000061035156,0
2026-06-05 11:00:00+00:00,66.37000274658203,66.72000122070312,65.79000091552734,66.0199966430664,0
2026-06-05 12:00:00+00:00,66.05000305175781,66.30000305175781,65.19000244140625,65.7699966430664,0
2026-06-05 13:00:00+00:00,65.7699966430664,66.75,64.29000091552734,64.29000091552734,65833472
2026-06-05 14:00:00+00:00,64.2699966430664,65.7699966430664,64.02999877929688,65.20999908447266,199255040
2026-06-05 15:00:00+00:00,65.12000274658203,65.30000305175781,63.7599983215332,64.25,132620288
2026-06-05 16:00:00+00:00,64.19000244140625,65.91999816894531,63.16999816894531,65.80999755859375,401593344
2026-06-05 17:00:00+00:00,65.83000183105469,66.0,64.76000213623047,65.05999755859375,86865920
2026-06-05 18:00:00+00:00,65.05000305175781,65.33000183105469,62.59000015258789,62.880001068115234,111181312
2026-06-05 19:00:00+00:00,62.84000015258789,63.77000045776367,61.459999084472656,63.43000030517578,305381888
2026-06-05 20:00:00+00:00,63.43000030517578,64.7699966430664,62.68000030517578,64.6500015258789,205966336
2026-06-05 21:00:00+00:00,64.62999725341797,65.37999725341797,64.51000213623047,64.9000015258789,78215680
2026-06-05 22:00:00+00:00,64.86000061035156,64.86000061035156,63.790000915527344,64.37000274658203,11262464
2026-06-05 23:00:00+00:00,64.41999816894531,64.76000213623047,62.63999938964844,63.61000061035156,30689280
2026-06-06 00:00:00+00:00,63.61000061035156,64.79000091552734,63.61000061035156,64.6500015258789,59494400
2026-06-06 01:00:00+00:00,64.68000030517578,64.83000183105469,63.790000915527344,63.88999938964844,0
2026-06-06 02:00:00+00:00,63.81999969482422,63.90999984741211,63.25,63.5099983215332,0
2026-06-06 03:00:00+00:00,63.5099983215332,63.5099983215332,62.59000015258789,62.810001373291016,0
2026-06-06 04:00:00+00:00,62.81999969482422,63.09000015258789,60.36000061035156,60.849998474121094,7607296
2026-06-06 05:00:00+00:00,60.790000915527344,62.66999816894531,60.130001068115234,62.58000183105469,68953600
2026-06-06 06:00:00+00:00,62.54999923706055,63.29999923706055,62.04999923706055,62.189998626708984,0
2026-06-06 07:00:00+00:00,62.20000076293945,63.09000015258789,62.040000915527344,62.7599983215332,0
2026-06-06 08:00:00+00:00,62.7599983215332,63.540000915527344,62.5099983215332,63.130001068115234,0
2026-06-06 09:00:00+00:00,63.11000061035156,63.52000045776367,62.459999084472656,62.66999816894531,0
2026-06-06 10:00:00+00:00,62.66999816894531,62.66999816894531,61.189998626708984,61.84000015258789,42388992
2026-06-06 11:00:00+00:00,61.779998779296875,62.630001068115234,61.75,62.40999984741211,0
2026-06-06 12:00:00+00:00,62.40999984741211,63.04999923706055,62.0,62.880001068115234,0
2026-06-06 13:00:00+00:00,62.83000183105469,63.040000915527344,62.130001068115234,62.369998931884766,0
2026-06-06 14:00:00+00:00,62.400001525878906,62.880001068115234,62.290000915527344,62.290000915527344,0
2026-06-06 15:00:00+00:00,62.310001373291016,62.45000076293945,61.310001373291016,62.02000045776367,0
2026-06-06 16:00:00+00:00,61.97999954223633,62.36000061035156,61.380001068115234,62.09000015258789,0
2026-06-06 17:00:00+00:00,62.09000015258789,62.209999084472656,61.41999816894531,61.59000015258789,0
2026-06-06 18:00:00+00:00,61.59000015258789,62.099998474121094,61.40999984741211,61.70000076293945,0
2026-06-06 19:00:00+00:00,61.68000030517578,62.16999816894531,61.599998474121094,61.61000061035156,0
2026-06-06 20:00:00+00:00,61.630001068115234,61.88999938964844,61.34000015258789,61.810001373291016,0
2026-06-06 21:00:00+00:00,61.81999969482422,62.31999969482422,61.79999923706055,61.869998931884766,0
2026-06-06 22:00:00+00:00,61.849998474121094,61.95000076293945,61.43000030517578,61.779998779296875,0
2026-06-06 23:00:00+00:00,61.68000030517578,62.2599983215332,61.650001525878906,62.16999816894531,0
2026-06-07 00:00:00+00:00,62.16999816894531,62.58000183105469,61.93000030517578,62.09000015258789,0
2026-06-07 01:00:00+00:00,62.06999969482422,63.81999969482422,62.0099983215332,63.650001525878906,77268992
2026-06-07 02:00:00+00:00,63.599998474121094,63.7599983215332,63.060001373291016,63.52000045776367,0
2026-06-07 03:00:00+00:00,63.52000045776367,64.05000305175781,63.380001068115234,63.810001373291016,0
2026-06-07 04:00:00+00:00,63.810001373291016,64.0999984741211,63.290000915527344,64.05999755859375,0
2026-06-07 05:00:00+00:00,64.05999755859375,64.44000244140625,63.880001068115234,64.23999786376953,0
2026-06-07 06:00:00+00:00,64.20999908447266,64.95999908447266,64.0,64.83000183105469,0
2026-06-07 07:00:00+00:00,64.81999969482422,64.9800033569336,64.58999633789062,64.9000015258789,0
2026-06-07 08:00:00+00:00,64.87000274658203,65.94000244140625,64.4800033569336,65.94000244140625,37355008
2026-06-07 09:00:00+00:00,65.91000366210938,66.06999969482422,64.8499984741211,65.0,44841472
2026-06-07 10:00:00+00:00,65.0,65.05000305175781,64.45999908447266,64.63999938964844,0
2026-06-07 11:00:00+00:00,64.63999938964844,65.19999694824219,64.5199966430664,65.01000213623047,0
2026-06-07 12:00:00+00:00,65.01000213623047,65.08000183105469,63.709999084472656,64.30999755859375,19589632
2026-06-07 13:00:00+00:00,64.2699966430664,64.4000015258789,64.06999969482422,64.30999755859375,0
2026-06-07 14:00:00+00:00,64.31999969482422,65.30999755859375,64.30000305175781,64.91000366210938,4738048
2026-06-07 15:00:00+00:00,64.87000274658203,65.20999908447266,64.62000274658203,64.94999694824219,0
2026-06-07 16:00:00+00:00,65.0,65.29000091552734,64.73999786376953,65.13999938964844,0
2026-06-07 17:00:00+00:00,65.12999725341797,65.58000183105469,65.05999755859375,65.29000091552734,0
2026-06-07 18:00:00+00:00,65.27999877929688,65.54000091552734,64.86000061035156,64.9000015258789,0
2026-06-07 19:00:00+00:00,64.93000030517578,64.97000122070312,63.63999938964844,63.91999816894531,46039808
2026-06-07 20:00:00+00:00,63.81999969482422,64.7699966430664,63.720001220703125,64.66999816894531,0
2026-06-07 21:00:00+00:00,64.66000366210938,64.87000274658203,64.27999877929688,64.58999633789062,0
2026-06-07 22:00:00+00:00,64.63999938964844,67.7300033569336,64.48999786376953,65.79000091552734,200183552
2026-06-07 23:00:00+00:00,65.7699966430664,66.55000305175781,65.73999786376953,66.45999908447266,93860864
2026-06-08 00:00:00+00:00,66.44000244140625,67.05000305175781,66.01000213623047,66.68000030517578,65362432
2026-06-08 01:00:00+00:00,66.72000122070312,66.7699966430664,65.37999725341797,66.12999725341797,0
2026-06-08 02:00:00+00:00,66.1500015258789,66.58999633789062,66.02999877929688,66.43000030517578,6251264
2026-06-08 03:00:00+00:00,66.43000030517578,66.72000122070312,66.1500015258789,66.33000183105469,0
2026-06-08 04:00:00+00:00,66.33000183105469,66.37999725341797,65.33000183105469,65.47000122070312,0
2026-06-08 05:00:00+00:00,65.43000030517578,65.61000061035156,64.94000244140625,65.27999877929688,0
2026-06-08 06:00:00+00:00,65.27999877929688,65.83999633789062,65.2699966430664,65.63999938964844,0
2026-06-08 07:00:00+00:00,65.6500015258789,66.16999816894531,65.33999633789062,66.05999755859375,37593600
2026-06-08 08:00:00+00:00,66.02999877929688,66.02999877929688,65.41000366210938,65.55999755859375,0
2026-06-08 09:00:00+00:00,65.56999969482422,66.31999969482422,65.55999755859375,66.30999755859375,0
2026-06-08 10:00:00+00:00,66.30999755859375,66.37000274658203,65.75,66.12999725341797,201984
2026-06-08 11:00:00+00:00,66.12999725341797,66.98999786376953,65.9800033569336,66.62000274658203,93548800
2026-06-08 12:00:00+00:00,66.61000061035156,67.27999877929688,65.97000122070312,67.19999694824219,8585984
2026-06-08 13:00:00+00:00,67.22000122070312,67.2300033569336,66.37000274658203,66.75,79032064
2026-06-08 14:00:00+00:00,66.7300033569336,67.27999877929688,66.41999816894531,67.23999786376953,103962368
2026-06-08 15:00:00+00:00,67.23999786376953,67.7699966430664,67.05000305175781,67.12999725341797,106441728
2026-06-08 16:00:00+00:00,67.1500015258789,67.72000122070312,66.87000274658203,66.91000366210938,42794496
2026-06-08 17:00:00+00:00,66.94000244140625,67.36000061035156,66.5199966430664,67.33999633789062,54671872
2026-06-08 18:00:00+00:00,67.33999633789062,67.58000183105469,67.13999938964844,67.41000366210938,35049984
2026-06-08 19:00:00+00:00,67.4000015258789,67.80000305175781,67.26000213623047,67.41999816894531,0
2026-06-08 20:00:00+00:00,67.44999694824219,67.51000213623047,66.93000030517578,67.47000122070312,6020352
2026-06-08 21:00:00+00:00,67.45999908447266,68.13999938964844,67.41000366210938,67.47000122070312,44103168
2026-06-08 22:00:00+00:00,67.37000274658203,67.41999816894531,66.83000183105469,67.1500015258789,0
2026-06-08 23:00:00+00:00,67.16999816894531,67.41000366210938,66.62999725341797,66.80999755859375,0
2026-06-09 00:00:00+00:00,66.77999877929688,66.87000274658203,65.27999877929688,65.41999816894531,19575296
2026-06-09 01:00:00+00:00,65.37000274658203,66.02999877929688,65.37000274658203,65.95999908447266,0
2026-06-09 02:00:00+00:00,65.95999908447266,66.05999755859375,65.51000213623047,65.88999938964844,0
2026-06-09 03:00:00+00:00,65.91000366210938,66.08000183105469,65.63999938964844,65.98999786376953,0
2026-06-09 04:00:00+00:00,65.9800033569336,67.3499984741211,65.80999755859375,66.97000122070312,87656960
2026-06-09 05:00:00+00:00,66.97000122070312,67.36000061035156,66.66999816894531,67.16999816894531,76630528
2026-06-09 06:00:00+00:00,67.18000030517578,67.43000030517578,66.94999694824219,67.02999877929688,0
2026-06-09 07:00:00+00:00,67.05999755859375,67.30000305175781,66.5999984741211,66.86000061035156,8799232
2026-06-09 08:00:00+00:00,66.87000274658203,66.9000015258789,66.37999725341797,66.56999969482422,18454784
2026-06-09 09:00:00+00:00,66.58000183105469,66.80000305175781,66.05000305175781,66.13999938964844,0
2026-06-09 10:00:00+00:00,66.16999816894531,66.44000244140625,65.97000122070312,66.37000274658203,0
2026-06-09 11:00:00+00:00,66.37999725341797,66.41999816894531,65.87000274658203,66.08999633789062,0
2026-06-09 12:00:00+00:00,66.05999755859375,66.4800033569336,65.93000030517578,66.16999816894531,0
2026-06-09 13:00:00+00:00,66.20999908447266,66.33000183105469,65.56999969482422,65.81999969482422,0
2026-06-09 14:00:00+00:00,65.80000305175781,65.94999694824219,64.37999725341797,65.01000213623047,25487104
2026-06-09 15:00:00+00:00,65.02999877929688,65.26000213623047,64.22000122070312,64.27999877929688,0
2026-06-09 16:00:00+00:00,64.31999969482422,64.43000030517578,63.5099983215332,64.08999633789062,80458496
2026-06-09 17:00:00+00:00,64.12000274658203,65.0999984741211,64.05000305175781,64.73999786376953,55564032
2026-06-09 18:00:00+00:00,64.79000091552734,65.44000244140625,64.61000061035156,65.23999786376953,23718656
2026-06-09 19:00:00+00:00,65.23999786376953,65.5999984741211,65.0,65.37000274658203,6602240
2026-06-09 20:00:00+00:00,65.41000366210938,65.6500015258789,65.23999786376953,65.58000183105469,0
2026-06-09 21:00:00+00:00,65.58000183105469,65.61000061035156,64.8499984741211,64.95999908447266,0
2026-06-09 22:00:00+00:00,64.9800033569336,65.30000305175781,64.79000091552734,64.83999633789062,0
2026-06-09 23:00:00+00:00,64.8499984741211,65.12000274658203,64.69000244140625,64.93000030517578,0
2026-06-10 00:00:00+00:00,64.97000122070312,65.16999816894531,64.44000244140625,65.13999938964844,0
2026-06-10 01:00:00+00:00,65.13999938964844,65.26000213623047,64.7699966430664,65.06999969482422,0
2026-06-10 02:00:00+00:00,65.05999755859375,65.19000244140625,64.19999694824219,64.2699966430664,15537920
2026-06-10 03:00:00+00:00,64.23999786376953,64.80000305175781,64.2300033569336,64.47000122070312,0
2026-06-10 04:00:00+00:00,64.47000122070312,64.5999984741211,64.08000183105469,64.2300033569336,0
2026-06-10 05:00:00+00:00,64.25,64.33000183105469,63.880001068115234,64.06999969482422,0
2026-06-10 06:00:00+00:00,64.0999984741211,64.30000305175781,63.790000915527344,64.16000366210938,0
2026-06-10 07:00:00+00:00,64.1500015258789,64.70999908447266,64.08999633789062,64.44999694824219,0
2026-06-10 08:00:00+00:00,64.44999694824219,64.47000122070312,63.380001068115234,63.56999969482422,11820544
2026-06-10 09:00:00+00:00,63.560001373291016,63.689998626708984,63.060001373291016,63.59000015258789,12351232
2026-06-10 10:00:00+00:00,63.56999969482422,63.72999954223633,63.22999954223633,63.630001068115234,10375680
2026-06-10 11:00:00+00:00,63.63999938964844,63.709999084472656,62.90999984741211,63.45000076293945,72050688
2026-06-10 12:00:00+00:00,63.470001220703125,64.58999633789062,63.27000045776367,64.08000183105469,121908736
2026-06-10 13:00:00+00:00,64.08000183105469,65.47000122070312,63.959999084472656,65.0199966430664,81544704
2026-06-10 14:00:00+00:00,65.02999877929688,65.2300033569336,64.54000091552734,65.0,0
2026-06-10 15:00:00+00:00,65.0,65.70999908447266,64.5,65.38999938964844,46033408
2026-06-10 16:00:00+00:00,65.38999938964844,65.4000015258789,64.19000244140625,64.55999755859375,0
2026-06-10 17:00:00+00:00,64.56999969482422,64.9000015258789,63.58000183105469,63.9900016784668,0
2026-06-10 18:00:00+00:00,64.04000091552734,64.16000366210938,63.33000183105469,63.77000045776367,15159040
2026-06-10 19:00:00+00:00,63.77000045776367,63.880001068115234,63.380001068115234,63.47999954223633,0
2026-06-10 20:00:00+00:00,63.470001220703125,63.59000015258789,63.099998474121094,63.290000915527344,23693312
2026-06-10 21:00:00+00:00,63.2400016784668,63.2400016784668,62.310001373291016,62.540000915527344,35328000
2026-06-10 22:00:00+00:00,62.56999969482422,63.0,62.310001373291016,62.720001220703125,57027328
2026-06-10 23:00:00+00:00,62.720001220703125,63.2400016784668,62.400001525878906,63.119998931884766,23244544
2026-06-11 00:00:00+00:00,63.150001525878906,63.70000076293945,63.13999938964844,63.599998474121094,0
2026-06-11 01:00:00+00:00,63.61000061035156,65.0999984741211,63.61000061035156,64.8499984741211,96521472
2026-06-11 02:00:00+00:00,64.87999725341797,64.94000244140625,64.30000305175781,64.45999908447266,40105728
2026-06-11 03:00:00+00:00,64.47000122070312,65.37000274658203,64.26000213623047,65.19000244140625,49420032
2026-06-11 04:00:00+00:00,65.22000122070312,65.26000213623047,64.91000366210938,65.13999938964844,35698944
2026-06-11 05:00:00+00:00,65.11000061035156,65.19000244140625,64.87999725341797,64.87999725341797,0
2026-06-11 06:00:00+00:00,64.87999725341797,65.36000061035156,64.73999786376953,65.04000091552734,30006784
2026-06-11 07:00:00+00:00,65.0199966430664,65.08999633789062,64.72000122070312,64.95999908447266,13624576
2026-06-11 08:00:00+00:00,64.97000122070312,65.44999694824219,64.94999694824219,65.23999786376953,0
2026-06-11 09:00:00+00:00,65.2300033569336,65.47000122070312,64.94999694824219,65.30999755859375,12748032
2026-06-11 10:00:00+00:00,65.33000183105469,65.58999633789062,65.22000122070312,65.44000244140625,0
2026-06-11 11:00:00+00:00,65.43000030517578,66.05999755859375,65.29000091552734,65.81999969482422,0
2026-06-11 12:00:00+00:00,65.8499984741211,65.86000061035156,64.83000183105469,65.19999694824219,0
2026-06-11 13:00:00+00:00,65.19000244140625,65.6500015258789,64.98999786376953,65.44999694824219,0
2026-06-11 14:00:00+00:00,65.44000244140625,65.69999694824219,64.91999816894531,65.29000091552734,0
2026-06-11 15:00:00+00:00,65.26000213623047,65.7699966430664,64.94999694824219,65.47000122070312,0
2026-06-11 16:00:00+00:00,65.48999786376953,65.7300033569336,65.26000213623047,65.30999755859375,0
2026-06-11 17:00:00+00:00,65.30999755859375,67.08999633789062,64.95999908447266,67.08000183105469,89682176
2026-06-11 18:00:00+00:00,67.08999633789062,67.2300033569336,66.58000183105469,66.7300033569336,35843072
2026-06-11 19:00:00+00:00,66.7300033569336,67.30000305175781,66.5199966430664,66.87000274658203,35495936
2026-06-11 20:00:00+00:00,66.87999725341797,66.97000122070312,66.30999755859375,66.52999877929688,0
2026-06-11 21:00:00+00:00,66.52999877929688,67.05000305175781,66.51000213623047,66.8499984741211,0
2026-06-11 22:00:00+00:00,66.83999633789062,67.08000183105469,66.80999755859375,66.81999969482422,0
2026-06-11 23:00:00+00:00,66.81999969482422,67.0199966430664,66.6500015258789,66.8499984741211,0
2026-06-12 00:00:00+00:00,66.86000061035156,67.04000091552734,66.66999816894531,66.81999969482422,0
2026-06-12 01:00:00+00:00,66.79000091552734,66.79000091552734,66.37999725341797,66.61000061035156,0
2026-06-12 02:00:00+00:00,66.61000061035156,67.20999908447266,66.5999984741211,67.05000305175781,0
2026-06-12 03:00:00+00:00,67.04000091552734,67.08999633789062,66.58999633789062,66.94000244140625,0
2026-06-12 04:00:00+00:00,66.95999908447266,67.13999938964844,66.76000213623047,66.9800033569336,0
2026-06-12 05:00:00+00:00,66.98999786376953,66.98999786376953,66.54000091552734,66.62999725341797,10937344
2026-06-12 06:00:00+00:00,66.62000274658203,66.72000122070312,65.87000274658203,66.04000091552734,1945600
2026-06-12 07:00:00+00:00,66.06999969482422,66.4000015258789,66.05000305175781,66.2300033569336,0
2026-06-12 08:00:00+00:00,66.2300033569336,66.95999908447266,66.2300033569336,66.83000183105469,22180352
2026-06-12 09:00:00+00:00,66.83000183105469,67.4000015258789,66.76000213623047,67.0999984741211,36418304
2026-06-12 10:00:00+00:00,67.08999633789062,67.26000213623047,66.52999877929688,66.72000122070312,13997056
2026-06-12 11:00:00+00:00,66.70999908447266,67.0199966430664,66.70999908447266,66.8499984741211,0
2026-06-12 12:00:00+00:00,66.80000305175781,66.91999816894531,66.56999969482422,66.69999694824219,0
2026-06-12 13:00:00+00:00,66.69000244140625,66.93000030517578,66.31999969482422,66.6500015258789,42885888
2026-06-12 14:00:00+00:00,66.62000274658203,67.91999816894531,66.62000274658203,67.87999725341797,32865792
2026-06-12 15:00:00+00:00,67.9000015258789,68.75,67.16000366210938,67.22000122070312,273247488
2026-06-12 16:00:00+00:00,67.20999908447266,67.9800033569336,67.02999877929688,67.9800033569336,57476608
2026-06-12 17:00:00+00:00,67.9800033569336,68.13999938964844,67.22000122070312,67.37000274658203,0
2026-06-12 18:00:00+00:00,67.37999725341797,67.44000244140625,66.97000122070312,67.0199966430664,0
2026-06-12 19:00:00+00:00,67.01000213623047,67.33000183105469,66.6500015258789,66.7699966430664,0
2026-06-12 20:00:00+00:00,66.7699966430664,66.80999755859375,66.48999786376953,66.6500015258789,24420096
2026-06-12 21:00:00+00:00,66.66000366210938,66.9000015258789,66.47000122070312,66.54000091552734,619776
2026-06-12 22:00:00+00:00,66.55999755859375,66.72000122070312,66.43000030517578,66.58999633789062,0
2026-06-12 23:00:00+00:00,66.5999984741211,66.79000091552734,66.45999908447266,66.79000091552734,0
2026-06-13 00:00:00+00:00,66.76000213623047,67.0199966430664,66.73999786376953,66.94999694824219,0
2026-06-13 01:00:00+00:00,66.94999694824219,67.4800033569336,66.94000244140625,67.4000015258789,0
2026-06-13 02:00:00+00:00,67.41000366210938,67.47000122070312,66.8499984741211,66.93000030517578,0
2026-06-13 03:00:00+00:00,66.91999816894531,67.0199966430664,66.68000030517578,66.83999633789062,0
2026-06-13 04:00:00+00:00,66.83999633789062,66.93000030517578,66.62000274658203,66.62999725341797,0
2026-06-13 05:00:00+00:00,66.66000366210938,66.83000183105469,66.56999969482422,66.75,0
2026-06-13 06:00:00+00:00,66.76000213623047,67.18000030517578,66.63999938964844,67.12000274658203,0
2026-06-13 07:00:00+00:00,67.13999938964844,67.41000366210938,66.93000030517578,67.31999969482422,11640832
2026-06-13 08:00:00+00:00,67.30000305175781,67.5,67.22000122070312,67.27999877929688,0
2026-06-13 09:00:00+00:00,67.27999877929688,67.5,67.25,67.31999969482422,0
2026-06-13 10:00:00+00:00,67.3499984741211,67.56999969482422,67.30000305175781,67.4000015258789,0
2026-06-13 11:00:00+00:00,67.4000015258789,67.93000030517578,67.3499984741211,67.87000274658203,0
2026-06-13 12:00:00+00:00,67.87999725341797,68.0,67.75,67.93000030517578,0
2026-06-13 13:00:00+00:00,67.94000244140625,68.26000213623047,67.79000091552734,67.98999786376953,0
2026-06-13 14:00:00+00:00,67.98999786376953,68.38999938964844,67.94999694824219,68.25,0
2026-06-13 15:00:00+00:00,68.25,68.66999816894531,68.13999938964844,68.56999969482422,0
2026-06-13 16:00:00+00:00,68.58000183105469,68.58000183105469,67.79000091552734,68.05000305175781,0
2026-06-13 17:00:00+00:00,68.05999755859375,68.23999786376953,67.81999969482422,67.95999908447266,0
2026-06-13 18:00:00+00:00,67.95999908447266,68.33999633789062,67.93000030517578,68.08999633789062,0
2026-06-13 19:00:00+00:00,68.08000183105469,68.37000274658203,67.98999786376953,68.19999694824219,0
2026-06-13 20:00:00+00:00,68.19000244140625,68.26000213623047,68.02999877929688,68.25,0
2026-06-13 21:00:00+00:00,68.26000213623047,69.51000213623047,68.20999908447266,69.23999786376953,87845248
2026-06-13 22:00:00+00:00,69.2300033569336,69.23999786376953,68.86000061035156,68.87000274658203,38451200
2026-06-13 23:00:00+00:00,68.8499984741211,69.1500015258789,68.76000213623047,68.9000015258789,10105472
2026-06-14 00:00:00+00:00,68.88999938964844,68.88999938964844,68.62000274658203,68.73999786376953,0
2026-06-14 01:00:00+00:00,68.73999786376953,69.05999755859375,68.62000274658203,68.80000305175781,1417856
2026-06-14 02:00:00+00:00,68.77999877929688,69.05000305175781,68.69000244140625,68.80999755859375,0
2026-06-14 03:00:00+00:00,68.80000305175781,69.0,68.7300033569336,68.94999694824219,0
2026-06-14 04:00:00+00:00,68.91999816894531,68.98999786376953,68.41000366210938,68.48999786376953,16917632
2026-06-14 05:00:00+00:00,68.51000213623047,68.55999755859375,68.0,68.20999908447266,76197888
2026-06-14 06:00:00+00:00,68.2300033569336,68.45999908447266,68.06999969482422,68.16000366210938,10772736
2026-06-14 07:00:00+00:00,68.19000244140625,68.22000122070312,68.01000213623047,68.19000244140625,0
2026-06-14 08:00:00+00:00,68.18000030517578,68.33000183105469,68.06999969482422,68.22000122070312,0
2026-06-14 09:00:00+00:00,68.19999694824219,68.45999908447266,67.87999725341797,68.44000244140625,750848
2026-06-14 10:00:00+00:00,68.43000030517578,68.47000122070312,68.12000274658203,68.12000274658203,0
2026-06-14 11:00:00+00:00,68.11000061035156,68.30000305175781,67.9800033569336,68.05999755859375,0
2026-06-14 12:00:00+00:00,68.08000183105469,68.12999725341797,67.66999816894531,67.7300033569336,0
2026-06-14 13:00:00+00:00,67.75,67.83000183105469,67.4800033569336,67.70999908447266,0
2026-06-14 14:00:00+00:00,67.70999908447266,67.79000091552734,66.91999816894531,67.2300033569336,24371968
2026-06-14 15:00:00+00:00,67.23999786376953,67.51000213623047,67.23999786376953,67.38999938964844,0
2026-06-14 16:00:00+00:00,67.37999725341797,67.69999694824219,67.37999725341797,67.44999694824219,0
2026-06-14 17:00:00+00:00,67.44000244140625,67.69000244140625,67.26000213623047,67.30000305175781,0
2026-06-14 18:00:00+00:00,67.31999969482422,67.44999694824219,67.16999816894531,67.37999725341797,0
2026-06-14 19:00:00+00:00,67.37999725341797,67.70999908447266,67.30000305175781,67.51000213623047,0
2026-06-14 20:00:00+00:00,67.52999877929688,68.0199966430664,67.41000366210938,67.76000213623047,11075072
2026-06-14 21:00:00+00:00,67.79000091552734,70.5,67.76000213623047,70.11000061035156,103768704
2026-06-14 22:00:00+00:00,70.31999969482422,70.58999633789062,69.69000244140625,70.41000366210938,94788096
2026-06-14 23:00:00+00:00,70.41999816894531,71.23999786376953,70.12000274658203,71.23999786376953,99838720
2026-06-15 00:00:00+00:00,71.23999786376953,71.66999816894531,70.9000015258789,71.0999984741211,110435584
2026-06-15 01:00:00+00:00,71.08999633789062,71.30999755859375,70.66000366210938,70.9800033569336,41684608
2026-06-15 02:00:00+00:00,70.9800033569336,71.54000091552734,70.87999725341797,70.94999694824219,28230400
2026-06-15 03:00:00+00:00,70.94999694824219,71.31999969482422,70.87999725341797,71.20999908447266,32287744
2026-06-15 04:00:00+00:00,71.19000244140625,71.23999786376953,70.86000061035156,70.88999938964844,0
2026-06-15 05:00:00+00:00,70.87999725341797,71.2699966430664,70.77999877929688,71.16999816894531,0
2026-06-15 06:00:00+00:00,71.16000366210938,71.44999694824219,71.06999969482422,71.29000091552734,2176256
2026-06-15 07:00:00+00:00,71.30999755859375,71.45999908447266,71.08999633789062,71.22000122070312,32027648
2026-06-15 08:00:00+00:00,71.23999786376953,71.55999755859375,71.13999938964844,71.23999786376953,48053632
2026-06-15 09:00:00+00:00,71.26000213623047,71.43000030517578,70.79000091552734,71.18000030517578,25760384
2026-06-15 10:00:00+00:00,71.18000030517578,72.05999755859375,71.1500015258789,71.83000183105469,41866752
2026-06-15 11:00:00+00:00,71.81999969482422,72.73999786376953,71.62000274658203,72.56999969482422,197082496
2026-06-15 12:00:00+00:00,72.58999633789062,72.95999908447266,72.30999755859375,72.80000305175781,87358976
2026-06-15 13:00:00+00:00,72.80999755859375,74.19000244140625,72.69000244140625,73.58999633789062,199765760
2026-06-15 14:00:00+00:00,73.61000061035156,73.93000030517578,73.16000366210938,73.7699966430664,60413440
2026-06-15 15:00:00+00:00,73.73999786376953,75.19999694824219,73.73999786376953,75.19999694824219,146498304
2026-06-15 16:00:00+00:00,75.19999694824219,76.02999877929688,74.94000244140625,75.44000244140625,198185728
2026-06-15 17:00:00+00:00,75.44000244140625,75.44000244140625,74.62999725341797,75.23999786376953,151027968
2026-06-15 18:00:00+00:00,75.26000213623047,75.66000366210938,75.06999969482422,75.2699966430664,77707264
2026-06-15 19:00:00+00:00,75.2300033569336,75.7699966430664,74.58999633789062,75.1500015258789,96139264
2026-06-15 20:00:00+00:00,75.18000030517578,75.41000366210938,74.75,74.9000015258789,43845120
2026-06-15 21:00:00+00:00,74.9000015258789,74.97000122070312,74.36000061035156,74.41000366210938,0
2026-06-15 22:00:00+00:00,74.41999816894531,74.55000305175781,73.5999984741211,73.7300033569336,0
2026-06-15 23:00:00+00:00,73.7300033569336,74.0199966430664,73.5999984741211,73.93000030517578,0
2026-06-16 00:00:00+00:00,73.93000030517578,74.3499984741211,73.80000305175781,73.9800033569336,0
2026-06-16 01:00:00+00:00,73.98999786376953,74.30000305175781,73.81999969482422,73.83000183105469,0
2026-06-16 02:00:00+00:00,73.8499984741211,73.8499984741211,72.79000091552734,72.98999786376953,37998080
2026-06-16 03:00:00+00:00,72.98999786376953,73.75,72.83000183105469,73.69000244140625,21550080
2026-06-16 04:00:00+00:00,73.70999908447266,73.87999725341797,73.1500015258789,73.33000183105469,14507520
2026-06-16 05:00:00+00:00,73.33000183105469,73.79000091552734,73.31999969482422,73.62000274658203,15969024
2026-06-16 06:00:00+00:00,73.6500015258789,74.23999786376953,73.63999938964844,74.13999938964844,19393280
2026-06-16 07:00:00+00:00,74.13999938964844,74.48999786376953,74.08000183105469,74.43000030517578,14976000
2026-06-16 08:00:00+00:00,74.41000366210938,75.55000305175781,74.30999755859375,75.33999633789062,32777728
2026-06-16 09:00:00+00:00,75.30000305175781,75.38999938964844,74.7699966430664,74.79000091552734,12712960
2026-06-16 10:00:00+00:00,74.80000305175781,75.05999755859375,74.62000274658203,74.6500015258789,0
2026-06-16 11:00:00+00:00,74.63999938964844,74.83000183105469,74.33999633789062,74.58999633789062,0
2026-06-16 12:00:00+00:00,74.62999725341797,75.4800033569336,74.43000030517578,74.87999725341797,0
2026-06-16 13:00:00+00:00,74.88999938964844,74.9000015258789,73.83999633789062,73.91999816894531,0
2026-06-16 14:00:00+00:00,73.93000030517578,74.2300033569336,72.30000305175781,72.91999816894531,56872960
2026-06-16 15:00:00+00:00,72.91999816894531,73.58999633789062,72.83999633789062,73.23999786376953,0
2026-06-16 16:00:00+00:00,73.23999786376953,73.44000244140625,72.94000244140625,73.01000213623047,0
2026-06-16 17:00:00+00:00,73.04000091552734,73.77999877929688,73.0,73.61000061035156,0
2026-06-16 18:00:00+00:00,73.63999938964844,74.25,73.5199966430664,73.94000244140625,17379840
2026-06-16 19:00:00+00:00,73.91999816894531,74.13999938964844,73.43000030517578,73.77999877929688,0
2026-06-16 20:00:00+00:00,73.7300033569336,74.18000030517578,73.61000061035156,74.08000183105469,0
2026-06-16 21:00:00+00:00,74.06999969482422,74.12000274658203,73.68000030517578,73.87000274658203,0
2026-06-16 22:00:00+00:00,73.87000274658203,74.0199966430664,73.54000091552734,73.7699966430664,0
2026-06-16 23:00:00+00:00,73.7699966430664,73.88999938964844,73.3499984741211,73.45999908447266,0
2026-06-17 00:00:00+00:00,73.45999908447266,73.72000122070312,73.26000213623047,73.30000305175781,0
2026-06-17 01:00:00+00:00,73.30000305175781,73.93000030517578,73.0999984741211,73.86000061035156,1211648
2026-06-17 02:00:00+00:00,73.87000274658203,74.37999725341797,73.62999725341797,73.9800033569336,0
2026-06-17 03:00:00+00:00,73.9800033569336,73.9800033569336,73.47000122070312,73.62999725341797,0
2026-06-17 04:00:00+00:00,73.6500015258789,74.01000213623047,73.52999877929688,73.7300033569336,0
2026-06-17 05:00:00+00:00,73.7699966430664,73.94000244140625,73.37999725341797,73.56999969482422,0
2026-06-17 06:00:00+00:00,73.61000061035156,73.76000213623047,73.13999938964844,73.3499984741211,0
2026-06-17 07:00:00+00:00,73.3499984741211,73.54000091552734,72.91999816894531,73.19000244140625,7458176
2026-06-17 08:00:00+00:00,73.19000244140625,73.20999908447266,72.08999633789062,72.27999877929688,15977088
2026-06-17 09:00:00+00:00,72.2699966430664,72.58999633789062,72.25,72.47000122070312,0
2026-06-17 10:00:00+00:00,72.4800033569336,72.61000061035156,72.05000305175781,72.08000183105469,0
2026-06-17 11:00:00+00:00,72.08000183105469,72.16000366210938,71.6500015258789,71.97000122070312,21364480
2026-06-17 12:00:00+00:00,72.01000213623047,72.27999877929688,71.54000091552734,72.27999877929688,0
2026-06-17 13:00:00+00:00,72.26000213623047,72.69999694824219,72.08000183105469,72.36000061035156,0
2026-06-17 14:00:00+00:00,72.30999755859375,72.61000061035156,71.79000091552734,72.31999969482422,0
2026-06-17 15:00:00+00:00,72.33999633789062,73.80999755859375,72.30999755859375,73.75,40271232
2026-06-17 16:00:00+00:00,73.77999877929688,74.58999633789062,73.66000366210938,73.69000244140625,68568576
2026-06-17 17:00:00+00:00,73.73999786376953,74.23999786376953,73.41000366210938,74.11000061035156,9251456
2026-06-17 18:00:00+00:00,73.80999755859375,74.2699966430664,72.1500015258789,73.45999908447266,201179904
2026-06-17 19:00:00+00:00,73.51000213623047,73.6500015258789,72.88999938964844,72.95999908447266,25582336
